drop database if exists vk;
create database vk;
use vk;

-- Generation time: Sun, 17 Nov 2019 13:05:48 +0000
-- Host: mysql.hostinger.ro
-- DB name: u574849695_22
/*!40030 SET NAMES UTF8 */;
/*!40101 SET @OLD_CHARACTER_SET_CLIENT=@@CHARACTER_SET_CLIENT */;
/*!40101 SET @OLD_CHARACTER_SET_RESULTS=@@CHARACTER_SET_RESULTS */;
/*!40101 SET @OLD_COLLATION_CONNECTION=@@COLLATION_CONNECTION */;
/*!40103 SET @OLD_TIME_ZONE=@@TIME_ZONE */;
/*!40103 SET TIME_ZONE='+00:00' */;
/*!40014 SET @OLD_UNIQUE_CHECKS=@@UNIQUE_CHECKS, UNIQUE_CHECKS=0 */;
/*!40014 SET @OLD_FOREIGN_KEY_CHECKS=@@FOREIGN_KEY_CHECKS, FOREIGN_KEY_CHECKS=0 */;
/*!40101 SET @OLD_SQL_MODE=@@SQL_MODE, SQL_MODE='NO_AUTO_VALUE_ON_ZERO' */;
/*!40111 SET @OLD_SQL_NOTES=@@SQL_NOTES, SQL_NOTES=0 */;

DROP TABLE IF EXISTS `communities`;
CREATE TABLE `communities` (
  `id` bigint(20) unsigned NOT NULL AUTO_INCREMENT,
  `name` varchar(200) COLLATE utf8_unicode_ci DEFAULT NULL,
  PRIMARY KEY (`id`),
  KEY `name` (`name`)
) ENGINE=InnoDB AUTO_INCREMENT=101 DEFAULT CHARSET=utf8 COLLATE=utf8_unicode_ci;

INSERT INTO `communities` VALUES ('65','ab'),
('32','accusamus'),
('70','accusamus'),
('74','accusamus'),
('34','ad'),
('1','aliquam'),
('46','amet'),
('71','asperiores'),
('4','aspernatur'),
('69','aspernatur'),
('11','aut'),
('17','aut'),
('27','autem'),
('41','autem'),
('36','commodi'),
('43','consectetur'),
('86','consequatur'),
('15','corporis'),
('19','culpa'),
('67','culpa'),
('33','deserunt'),
('37','dignissimos'),
('24','distinctio'),
('99','dolor'),
('22','dolorem'),
('80','dolorem'),
('26','dolores'),
('58','doloribus'),
('79','doloribus'),
('3','ea'),
('44','ea'),
('12','eaque'),
('16','eligendi'),
('5','est'),
('38','est'),
('20','et'),
('50','et'),
('55','et'),
('75','et'),
('88','et'),
('95','et'),
('54','eum'),
('59','ex'),
('78','exercitationem'),
('30','expedita'),
('84','expedita'),
('29','facere'),
('8','facilis'),
('18','facilis'),
('87','harum'),
('6','id'),
('49','id'),
('10','illo'),
('94','in'),
('45','inventore'),
('23','ipsam'),
('35','laborum'),
('76','laborum'),
('9','laudantium'),
('52','libero'),
('53','minima'),
('68','molestias'),
('98','nam'),
('42','nisi'),
('21','non'),
('100','occaecati'),
('48','officiis'),
('90','omnis'),
('93','omnis'),
('14','qui'),
('60','qui'),
('73','quia'),
('92','quia'),
('97','quia'),
('96','quis'),
('25','quod'),
('39','repellat'),
('7','rerum'),
('2','sed'),
('13','sed'),
('61','sed'),
('63','sed'),
('83','sed'),
('91','sed'),
('31','sit'),
('62','sit'),
('89','sit'),
('40','sunt'),
('85','suscipit'),
('81','vel'),
('72','velit'),
('47','veniam'),
('77','veritatis'),
('64','vero'),
('82','vitae'),
('57','voluptas'),
('66','voluptas'),
('28','voluptatem'),
('51','voluptatem'),
('56','voluptatem'); 


DROP TABLE IF EXISTS `friend_requests`;
CREATE TABLE `friend_requests` (
  `initiator_user_id` bigint(20) unsigned NOT NULL,
  `target_user_id` bigint(20) unsigned NOT NULL,
  `status` enum('requsted','approved','unfriended','declined') COLLATE utf8_unicode_ci DEFAULT NULL,
  `created_at` datetime DEFAULT current_timestamp(),
  `update_at` datetime DEFAULT NULL ON UPDATE current_timestamp(),
  PRIMARY KEY (`initiator_user_id`,`target_user_id`),
  KEY `initiator_user_id` (`initiator_user_id`),
  KEY `target_user_id` (`target_user_id`),
  CONSTRAINT `friend_requests_ibfk_1` FOREIGN KEY (`initiator_user_id`) REFERENCES `users` (`id`),
  CONSTRAINT `friend_requests_ibfk_2` FOREIGN KEY (`target_user_id`) REFERENCES `users` (`id`)
) ENGINE=InnoDB DEFAULT CHARSET=utf8 COLLATE=utf8_unicode_ci;

INSERT INTO `friend_requests` VALUES ('1','1','declined','1985-04-17 01:31:52','2017-10-01 14:34:40'),
('2','2','declined','2001-03-01 22:59:59','1995-09-27 04:49:19'),
('3','3','approved','1998-09-14 18:28:06','1974-05-20 19:07:17'),
('4','4','unfriended','1988-03-31 08:51:20','1972-06-03 05:59:12'),
('5','5','unfriended','1976-09-17 04:43:58','1970-10-23 05:16:08'),
('6','6','unfriended','1993-08-29 13:20:03','1975-01-11 06:07:56'),
('7','7','unfriended','2010-02-09 07:34:19','1973-12-04 04:49:55'),
('8','8','declined','2019-03-03 10:48:11','1991-07-22 01:36:55'),
('9','9','approved','2013-01-30 01:45:54','1977-08-08 07:13:55'),
('10','10','declined','1973-09-23 00:52:07','1970-05-19 17:00:16'),
('11','11','unfriended','2004-05-20 06:48:36','2011-05-07 00:38:54'),
('12','12','approved','1995-03-29 07:44:50','1983-06-05 18:49:23'),
('13','13','requsted','2016-10-27 09:01:22','2005-09-05 19:58:26'),
('14','14','unfriended','2015-07-17 12:14:48','1991-11-02 03:06:32'),
('15','15','requsted','1992-04-15 23:19:41','2013-02-19 09:10:48'),
('16','16','unfriended','2004-01-30 08:35:04','1998-01-13 02:33:18'),
('17','17','unfriended','2010-06-12 12:48:37','2019-05-31 14:42:29'),
('18','18','declined','1984-02-22 07:13:11','1979-08-05 20:07:54'),
('19','19','unfriended','2011-08-07 09:34:00','1979-03-03 03:40:54'),
('20','20','approved','2017-09-20 04:34:29','1970-08-22 17:48:47'),
('21','21','declined','1987-06-11 07:39:51','1977-02-18 20:10:53'),
('22','22','requsted','1988-07-09 10:26:56','2004-04-16 10:31:24'),
('23','23','requsted','2013-10-16 23:10:59','1989-06-16 16:40:06'),
('24','24','requsted','1991-10-30 15:33:17','2010-09-10 15:42:31'),
('25','25','unfriended','1980-10-09 10:11:31','2016-11-11 22:13:45'),
('26','26','unfriended','2002-03-08 17:51:15','1991-12-27 07:39:43'),
('27','27','declined','1971-08-09 10:26:33','1977-06-30 23:08:14'),
('28','28','unfriended','1987-12-09 18:10:49','1978-07-05 06:55:21'),
('29','29','requsted','1972-07-09 18:42:05','1996-09-23 23:11:44'),
('30','30','approved','1989-12-20 07:42:19','1989-09-10 10:46:37'),
('31','31','unfriended','1971-10-08 02:08:14','1976-03-25 07:56:39'),
('32','32','approved','1978-06-05 05:21:16','1985-07-03 06:23:52'),
('33','33','declined','1986-01-29 09:44:27','2018-07-08 06:27:49'),
('34','34','requsted','1983-06-19 19:59:10','1979-04-14 05:46:56'),
('35','35','requsted','2012-12-15 01:13:30','1988-09-03 20:31:20'),
('36','36','approved','1988-06-15 21:39:16','1980-04-09 11:28:28'),
('37','37','unfriended','2015-01-12 23:34:29','1992-04-14 21:39:58'),
('38','38','approved','1990-05-15 03:10:09','2002-02-18 23:15:35'),
('39','39','approved','1978-06-19 00:09:35','1998-11-18 11:32:16'),
('40','40','requsted','1975-12-01 01:54:36','2011-05-01 02:32:59'),
('41','41','requsted','1985-11-09 01:07:16','2009-05-04 00:14:16'),
('42','42','declined','2001-03-07 01:07:22','1995-08-19 12:28:51'),
('43','43','requsted','1973-01-02 14:28:07','2003-07-01 02:34:14'),
('44','44','approved','1998-04-29 22:15:41','1978-06-09 03:03:41'),
('45','45','declined','1971-05-07 08:09:25','1982-11-02 08:03:52'),
('46','46','unfriended','1977-09-15 17:36:31','2017-02-21 10:43:38'),
('47','47','unfriended','2014-05-24 11:52:36','2017-04-02 19:59:07'),
('48','48','unfriended','2017-04-15 02:47:50','1980-06-05 20:37:19'),
('49','49','requsted','2014-05-20 03:30:27','2001-12-07 22:33:14'),
('50','50','approved','2005-04-04 23:15:28','2007-11-16 17:09:47'),
('51','51','unfriended','1975-03-06 18:59:25','2015-11-22 22:32:24'),
('52','52','declined','1993-04-15 13:38:45','1980-08-19 10:13:16'),
('53','53','unfriended','1983-04-28 07:06:44','1994-03-02 12:15:36'),
('54','54','unfriended','1993-01-03 14:03:52','1991-11-24 02:41:28'),
('55','55','approved','2016-08-04 14:33:00','2002-08-29 15:20:33'),
('56','56','approved','1992-11-22 09:45:25','1975-02-24 01:43:29'),
('57','57','declined','1987-01-04 02:46:39','1991-09-30 01:44:57'),
('58','58','unfriended','1996-09-17 04:28:29','1999-10-09 15:29:43'),
('59','59','requsted','1987-03-13 13:27:33','1994-03-11 20:49:44'),
('60','60','requsted','2011-02-13 21:46:43','1989-11-01 05:42:59'),
('61','61','unfriended','2010-10-19 22:40:11','2018-01-24 18:23:12'),
('62','62','unfriended','1972-07-22 00:59:26','1970-04-07 03:57:53'),
('63','63','approved','1986-01-02 17:12:09','1992-08-19 12:10:57'),
('64','64','approved','1975-07-29 14:56:19','1979-05-23 02:53:29'),
('65','65','approved','1989-03-20 02:45:25','2015-11-17 07:11:06'),
('66','66','declined','2012-12-27 21:56:04','2000-06-29 04:06:56'),
('67','67','unfriended','1984-05-30 03:18:46','1998-03-06 00:06:19'),
('68','68','declined','1971-04-21 18:03:55','1973-05-05 22:07:25'),
('69','69','requsted','2008-05-08 11:20:01','1980-04-09 21:27:47'),
('70','70','declined','2005-09-04 16:03:14','2009-02-10 21:27:45'),
('71','71','unfriended','1988-10-11 05:52:38','2004-09-26 04:31:10'),
('72','72','unfriended','1998-04-23 02:15:54','1973-05-18 19:49:33'),
('73','73','approved','1973-09-25 22:10:51','1976-08-11 06:40:08'),
('74','74','requsted','1979-11-15 19:12:36','1999-02-21 19:35:44'),
('75','75','approved','2014-07-04 07:36:59','2007-12-15 02:49:07'),
('76','76','unfriended','1995-05-02 10:08:45','1982-03-19 23:33:17'),
('77','77','unfriended','1981-02-19 18:15:22','1997-05-26 23:53:37'),
('78','78','approved','2010-07-21 04:01:21','1974-04-04 13:47:06'),
('79','79','approved','2000-06-28 04:59:08','1995-07-12 10:28:20'),
('80','80','unfriended','1973-12-14 18:09:02','1979-05-03 23:07:25'),
('81','81','unfriended','2000-02-09 10:34:49','1995-03-12 02:50:54'),
('82','82','unfriended','1991-03-15 06:56:22','1975-07-28 08:14:49'),
('83','83','approved','1972-08-16 22:34:17','1992-05-14 02:32:19'),
('84','84','unfriended','1997-07-21 13:31:41','1985-07-23 12:39:30'),
('85','85','declined','2006-12-12 06:03:16','1975-07-14 16:36:32'),
('86','86','unfriended','2005-03-03 18:37:36','2000-11-24 14:24:09'),
('87','87','requsted','1996-06-06 12:06:50','2018-01-21 08:02:19'),
('88','88','approved','2002-03-02 16:56:44','1982-12-22 18:51:14'),
('89','89','declined','1986-02-16 18:47:06','2011-10-20 19:49:08'),
('90','90','unfriended','2005-09-12 16:12:42','2019-05-12 16:33:07'),
('91','91','approved','2001-05-06 16:43:44','1970-04-13 13:23:33'),
('92','92','declined','1984-09-09 20:48:58','1983-11-17 12:23:05'),
('93','93','approved','1993-04-28 05:38:31','2016-04-21 08:23:12'),
('94','94','unfriended','2017-03-31 01:20:32','2000-12-26 11:18:54'),
('95','95','requsted','2015-04-07 05:41:37','2008-10-21 15:40:03'),
('96','96','requsted','1972-08-15 01:28:07','1988-04-02 17:18:46'),
('97','97','declined','2005-11-13 13:17:58','1980-08-27 12:51:36'),
('98','98','approved','1979-05-29 07:59:19','1977-01-01 00:36:59'),
('99','99','unfriended','1976-03-17 00:08:41','2003-05-04 14:37:15'),
('100','100','unfriended','1986-08-24 13:04:16','2000-09-29 15:47:57'); 


DROP TABLE IF EXISTS `likes`;
CREATE TABLE `likes` (
  `id` bigint(20) unsigned NOT NULL AUTO_INCREMENT,
  `album_id` bigint(20) unsigned DEFAULT NULL,
  `media_id` bigint(20) unsigned DEFAULT NULL,
  `user_id` bigint(20) unsigned NOT NULL,
  `created_at` datetime DEFAULT current_timestamp(),
  PRIMARY KEY (`id`),
  UNIQUE KEY `id` (`id`),
  KEY `user_id` (`user_id`),
  KEY `media_id` (`media_id`),
  CONSTRAINT `likes_ibfk_1` FOREIGN KEY (`user_id`) REFERENCES `users` (`id`),
  CONSTRAINT `likes_ibfk_2` FOREIGN KEY (`media_id`) REFERENCES `media` (`id`)
) ENGINE=InnoDB AUTO_INCREMENT=101 DEFAULT CHARSET=utf8 COLLATE=utf8_unicode_ci;

INSERT INTO `likes` VALUES ('1','1','1','1','1971-03-02 12:26:03'),
('2','2','2','2','2003-02-08 17:19:50'),
('3','3','3','3','1987-12-27 23:47:20'),
('4','4','4','4','2004-03-31 18:46:14'),
('5','5','5','5','1991-10-05 07:44:54'),
('6','6','6','6','2007-04-05 17:42:19'),
('7','7','7','7','1980-05-11 13:58:30'),
('8','8','8','8','1982-07-03 09:18:50'),
('9','9','9','9','1991-06-23 15:02:32'),
('10','10','10','10','1981-02-04 02:07:35'),
('11','11','11','11','1978-05-18 23:34:01'),
('12','12','12','12','2004-06-23 02:41:08'),
('13','13','13','13','2010-09-23 13:31:27'),
('14','14','14','14','1978-03-17 09:18:42'),
('15','15','15','15','2008-05-01 10:05:08'),
('16','16','16','16','2009-01-16 03:26:48'),
('17','17','17','17','1970-08-18 00:12:06'),
('18','18','18','18','1970-11-23 15:26:35'),
('19','19','19','19','2000-05-04 13:08:44'),
('20','20','20','20','1991-11-22 16:52:47'),
('21','21','21','21','1977-10-26 16:13:46'),
('22','22','22','22','2008-01-16 14:28:32'),
('23','23','23','23','2002-11-09 05:54:51'),
('24','24','24','24','1988-03-07 01:52:10'),
('25','25','25','25','1977-12-04 09:40:36'),
('26','26','26','26','2015-09-25 17:22:49'),
('27','27','27','27','2015-08-29 15:35:42'),
('28','28','28','28','1971-11-19 16:54:08'),
('29','29','29','29','1991-02-04 13:06:35'),
('30','30','30','30','2006-11-25 17:49:18'),
('31','31','31','31','1996-07-16 05:37:08'),
('32','32','32','32','1992-08-04 08:05:13'),
('33','33','33','33','1977-05-18 00:47:42'),
('34','34','34','34','2006-06-14 09:14:57'),
('35','35','35','35','2003-04-09 20:13:21'),
('36','36','36','36','2012-09-20 02:44:10'),
('37','37','37','37','1975-01-27 09:24:51'),
('38','38','38','38','2013-07-21 09:21:39'),
('39','39','39','39','2009-01-23 14:08:13'),
('40','40','40','40','2003-08-30 08:10:45'),
('41','41','41','41','1977-06-23 02:56:05'),
('42','42','42','42','1992-09-01 17:52:53'),
('43','43','43','43','1990-02-15 02:40:50'),
('44','44','44','44','1970-06-26 18:12:21'),
('45','45','45','45','1976-10-28 00:31:15'),
('46','46','46','46','1994-03-04 23:36:04'),
('47','47','47','47','2000-08-04 01:27:27'),
('48','48','48','48','1997-10-20 13:50:30'),
('49','49','49','49','1987-06-16 11:29:44'),
('50','50','50','50','2009-11-17 10:57:55'),
('51','51','51','51','1972-03-07 01:38:02'),
('52','52','52','52','1985-02-05 23:42:49'),
('53','53','53','53','1981-05-07 19:09:13'),
('54','54','54','54','2015-02-14 20:31:53'),
('55','55','55','55','1983-12-06 21:56:36'),
('56','56','56','56','1986-04-17 08:25:47'),
('57','57','57','57','2017-07-03 13:54:02'),
('58','58','58','58','1983-03-06 14:50:16'),
('59','59','59','59','2001-06-14 18:31:16'),
('60','60','60','60','1979-01-23 17:15:23'),
('61','61','61','61','1976-08-12 11:00:44'),
('62','62','62','62','2014-06-10 00:48:20'),
('63','63','63','63','2009-09-04 19:36:50'),
('64','64','64','64','1995-12-16 14:27:12'),
('65','65','65','65','1970-07-17 11:48:17'),
('66','66','66','66','2003-11-29 23:52:28'),
('67','67','67','67','2002-02-09 20:53:08'),
('68','68','68','68','1988-02-08 15:44:33'),
('69','69','69','69','1995-04-27 05:28:05'),
('70','70','70','70','1980-04-25 01:38:09'),
('71','71','71','71','1993-02-13 23:03:01'),
('72','72','72','72','2010-06-13 22:34:56'),
('73','73','73','73','2001-05-08 17:30:20'),
('74','74','74','74','1978-06-07 09:35:37'),
('75','75','75','75','2013-07-13 10:06:10'),
('76','76','76','76','2006-09-15 12:17:13'),
('77','77','77','77','1995-02-26 05:22:05'),
('78','78','78','78','1975-12-26 07:15:10'),
('79','79','79','79','1976-10-21 04:34:37'),
('80','80','80','80','1984-12-20 18:24:41'),
('81','81','81','81','2012-06-24 01:59:33'),
('82','82','82','82','1993-12-08 14:17:56'),
('83','83','83','83','2005-05-31 23:44:11'),
('84','84','84','84','1974-08-30 06:18:07'),
('85','85','85','85','1982-12-17 18:25:59'),
('86','86','86','86','2001-09-23 04:11:29'),
('87','87','87','87','2018-04-20 04:29:25'),
('88','88','88','88','1998-09-27 06:27:50'),
('89','89','89','89','2008-07-08 11:30:19'),
('90','90','90','90','2017-09-27 15:00:38'),
('91','91','91','91','1990-09-09 19:23:10'),
('92','92','92','92','1997-05-30 00:01:35'),
('93','93','93','93','1978-01-09 10:18:09'),
('94','94','94','94','1983-05-02 09:18:35'),
('95','95','95','95','1995-01-06 16:41:10'),
('96','96','96','96','1976-07-14 08:16:37'),
('97','97','97','97','2010-04-27 20:16:30'),
('98','98','98','98','2009-04-16 17:50:11'),
('99','99','99','99','2002-08-30 16:12:33'),
('100','100','100','100','1993-12-20 02:14:34'); 


DROP TABLE IF EXISTS `media`;
CREATE TABLE `media` (
  `id` bigint(20) unsigned NOT NULL AUTO_INCREMENT,
  `media_type_id` bigint(20) unsigned NOT NULL,
  `user_id` bigint(20) unsigned NOT NULL,
  `body` text COLLATE utf8_unicode_ci DEFAULT NULL,
  `filename` varchar(255) COLLATE utf8_unicode_ci DEFAULT NULL,
  `size` int(11) DEFAULT NULL,
  `metadata` longtext CHARACTER SET utf8mb4 COLLATE utf8mb4_bin DEFAULT NULL,
  `created_at` datetime DEFAULT current_timestamp(),
  `update_at` datetime DEFAULT NULL,
  PRIMARY KEY (`id`),
  KEY `media_type_id` (`media_type_id`),
  KEY `user_id` (`user_id`),
  CONSTRAINT `media_ibfk_1` FOREIGN KEY (`user_id`) REFERENCES `users` (`id`),
  CONSTRAINT `media_ibfk_2` FOREIGN KEY (`media_type_id`) REFERENCES `media_types` (`id`)
) ENGINE=InnoDB AUTO_INCREMENT=101 DEFAULT CHARSET=utf8 COLLATE=utf8_unicode_ci;

INSERT INTO `media` VALUES ('1','1','1','Omnis aut aut eum. Quia harum corrupti doloribus veniam et eaque explicabo. Eaque deserunt eum et maxime ea alias. Omnis et placeat eveniet officia nemo tempore magnam id.','ad','2823',NULL,'1986-03-23 02:23:00','2007-09-04 03:47:43'),
('2','2','2','A dolorum voluptatem aut minus necessitatibus rem ad. Iusto ut totam iusto harum voluptates. Impedit ipsum iusto similique ut voluptatibus. Quia porro eum voluptas incidunt explicabo consectetur et.','quo','12405399',NULL,'2006-09-16 05:42:39','1995-09-02 00:12:57'),
('3','3','3','Error molestiae aut in cupiditate qui officia voluptatem. Esse minima sit debitis.','nam','93',NULL,'1976-01-16 17:06:59','2005-12-29 13:48:02'),
('4','4','4','Quo ratione culpa magnam autem magni quia doloremque cupiditate. Voluptas enim ut ea ut soluta.','quaerat','777',NULL,'2003-06-22 14:40:54','2006-07-23 03:25:40'),
('5','5','5','Voluptatibus dolor sit voluptatibus natus dolorum ab corporis sunt. Recusandae sit doloremque hic accusamus. Reiciendis magni ut et iste vitae illo. Ab ut alias saepe reiciendis rerum delectus maiores.','voluptatem','9418',NULL,'1991-11-15 06:38:54','1994-01-09 00:49:16'),
('6','6','6','Cupiditate commodi aut nulla maiores ipsam dolorem. Quo eos ad assumenda quasi.','ab','2818997',NULL,'1986-10-25 04:59:41','1985-04-16 12:37:49'),
('7','7','7','Distinctio voluptatem molestiae ipsam rerum atque nihil. Asperiores adipisci recusandae dicta eum aut iste molestias. Autem quae ipsa qui ratione commodi similique. Nesciunt enim officiis delectus ratione et debitis.','inventore','968141',NULL,'1976-11-21 16:16:14','2001-03-08 05:49:53'),
('8','8','8','Explicabo mollitia repellat magni tenetur. Et quae doloribus est inventore autem asperiores est. Provident sequi exercitationem deleniti voluptatem. Ipsa maiores pariatur modi ullam dolor et aliquid id.','rerum','770847544',NULL,'2006-06-01 14:08:40','1984-01-14 20:23:52'),
('9','9','9','Ut saepe sint alias ullam perferendis. Quibusdam velit quo quos sed.','voluptas','75',NULL,'2015-09-15 03:19:19','1985-01-21 02:27:25'),
('10','10','10','Sit aut deserunt iste hic sint laboriosam. Omnis quia itaque sit dolorem laudantium commodi. Eligendi accusantium vel adipisci asperiores quibusdam. Debitis rerum animi laborum.','id','150062',NULL,'1979-09-25 16:56:44','1984-07-16 09:58:20'),
('11','11','11','Voluptatibus architecto velit aut quis in recusandae qui. Reiciendis consequatur fuga quidem minus qui sint nam. Sunt iure aliquid non corporis nobis corporis eos dolorem.','iure','5351141',NULL,'1986-11-04 04:47:33','1971-11-20 06:14:16'),
('12','12','12','Unde rerum velit sit. Voluptatem atque dolorum voluptatem aut voluptas. Reiciendis dicta fugiat similique a pariatur tempora eum possimus. Cupiditate vero repellendus soluta aliquid.','nisi','6957424',NULL,'1970-01-17 19:34:37','1973-04-23 08:05:40'),
('13','13','13','Blanditiis voluptatem ex inventore consequatur tenetur debitis soluta. Veritatis harum minus iusto rerum numquam rerum. Nihil maiores et dolor eum maxime. Voluptas ratione incidunt architecto. Voluptatum voluptas vero quod modi in reiciendis.','totam','7531048',NULL,'1983-07-22 11:51:13','2007-09-17 04:15:05'),
('14','14','14','Pariatur totam repellat vitae neque. Quos et exercitationem vitae nam quo repudiandae doloremque. Debitis sed itaque nesciunt assumenda molestiae in. Laborum quae laudantium tempore dolorem minus temporibus.','est','105135',NULL,'1972-09-03 15:04:56','1993-09-01 09:41:27'),
('15','15','15','Magni repudiandae et consectetur eum officia voluptatem cumque. Incidunt dolor culpa consequatur ipsum. Qui velit ex quae ut aliquam eligendi. Laboriosam exercitationem animi et ipsum quod.','enim','0',NULL,'2011-04-24 03:40:18','1975-05-23 16:34:29'),
('16','16','16','Corporis magni distinctio minus et atque. Aut non totam eos ut quas ullam.','voluptates','50990126',NULL,'1973-12-21 20:08:28','2015-12-27 20:22:57'),
('17','17','17','Vero qui id omnis et. Cum maxime veritatis id nemo autem.','rerum','678513582',NULL,'2016-07-29 11:37:03','1982-09-13 22:08:25'),
('18','18','18','Nihil soluta minima aut aperiam facere ducimus. Iste earum rerum molestias nobis in velit qui. Sint sit possimus ut mollitia laudantium consectetur autem. Esse sed repellat impedit voluptas laboriosam.','aperiam','0',NULL,'2007-08-02 09:21:28','1989-10-16 03:40:15'),
('19','19','19','Suscipit et tenetur porro aut. Est reprehenderit deserunt exercitationem repellat velit. Aut ut accusamus accusantium sunt consequatur assumenda praesentium ut. Et veritatis rerum voluptas magnam ipsum quas asperiores ut. Nobis non aliquam est debitis ut non iure.','voluptas','7',NULL,'1982-09-28 06:26:16','1994-09-28 21:39:03'),
('20','20','20','Odit vel dolor at libero quasi provident itaque perferendis. Fugit quae debitis facilis consectetur velit fugit. Fuga ut itaque blanditiis ipsam. Provident quisquam at aliquid.','vitae','298562649',NULL,'1987-03-19 06:53:19','1995-05-23 15:15:50'),
('21','21','21','Maiores aspernatur aperiam similique et quo et tempora. Molestiae corrupti voluptates molestiae aut quis. Consequatur et aliquid aperiam quis. Aut eos nulla similique necessitatibus exercitationem omnis ut.','quia','51721341',NULL,'1988-05-20 23:07:33','1979-10-19 17:00:31'),
('22','22','22','Adipisci dolor et nostrum asperiores et harum placeat a. Placeat possimus molestiae omnis odit. Quisquam explicabo non cum aspernatur soluta libero eos. Consequatur voluptas qui quia id. Temporibus aliquam aperiam animi eum vel est quam.','praesentium','202',NULL,'2010-08-11 01:10:58','2002-11-26 13:26:59'),
('23','23','23','Tempore numquam consequatur laudantium veniam enim quia quibusdam. Est fugiat est officia optio cupiditate consequatur rerum. Dicta ratione laborum quisquam molestiae atque aut quos.','autem','573508',NULL,'2005-12-09 23:48:37','2007-10-16 18:15:09'),
('24','24','24','Et est vero non voluptas. Dolor nihil rerum vitae rerum ea enim distinctio. Vel id tenetur et deleniti exercitationem doloribus modi. Quae maiores quo est id animi qui.','sed','50',NULL,'1984-10-31 13:49:03','2012-01-06 03:59:56'),
('25','25','25','Voluptate blanditiis harum velit consectetur sint possimus. Illum quae aliquid aspernatur aut voluptates. Excepturi dolor ipsam qui culpa.','at','97',NULL,'1971-01-09 02:18:59','2016-10-13 04:27:12'),
('26','26','26','Consequatur dicta enim aut aperiam accusantium dolores et ullam. Et commodi consequatur suscipit consequatur qui sequi totam. Sed laboriosam est magni rerum voluptas necessitatibus. Velit sint quas vitae eum.','omnis','7359',NULL,'2007-03-18 09:30:27','1978-09-20 22:30:27'),
('27','27','27','Quibusdam repellat et ullam rerum dolore maxime excepturi. Veniam molestias dolores fugiat itaque eveniet provident. Debitis distinctio consequuntur animi qui et.','nisi','58874057',NULL,'1970-11-24 18:20:41','1988-06-24 15:16:31'),
('28','28','28','Vel impedit atque illo et rerum delectus. Et provident sunt et laboriosam exercitationem architecto mollitia officiis. Qui reiciendis ipsa qui reprehenderit.','quia','44236365',NULL,'2009-08-02 15:40:55','1992-11-18 17:34:00'),
('29','29','29','Dolorem qui quasi omnis eum optio. Ea et ipsa aut et. Impedit sapiente sed nisi ad. Illum dignissimos magni natus praesentium ex quo officia.','nihil','82',NULL,'2012-02-21 14:12:11','1976-03-10 13:47:39'),
('30','30','30','Nisi voluptatum alias quod repellat a expedita qui. Animi est maxime est cupiditate voluptate cum nobis vel. Neque rem ut voluptas porro ut. Quidem alias ex id sed aut eaque consequatur.','aut','5',NULL,'1992-10-17 23:38:46','1989-07-08 14:46:02'),
('31','31','31','Consequuntur sint quibusdam et facere minima. Similique soluta similique vel non molestiae. Iste officiis maxime quia ea. Consequatur distinctio sunt eveniet enim laboriosam pariatur eaque.','dolores','57208',NULL,'1977-01-01 20:18:27','1992-12-09 23:56:53'),
('32','32','32','Nihil perferendis omnis totam. Laboriosam officiis non aut sequi est expedita. Porro placeat consequatur tempore placeat earum.','fuga','915',NULL,'1988-06-21 08:17:38','2014-07-25 02:27:46'),
('33','33','33','Sed qui non doloremque a quidem. Quasi possimus fugiat qui eum sed veritatis. Quod enim blanditiis natus dolores. Quia nobis eum deserunt dolor corrupti.','ad','975107170',NULL,'1977-03-01 22:24:08','2001-10-26 07:21:50'),
('34','34','34','Reiciendis qui et animi veritatis et. Ipsum est placeat optio possimus sit. Cum omnis fuga soluta quia velit doloremque. Quae quae blanditiis laudantium voluptatum est consequatur pariatur.','eius','522',NULL,'1986-03-25 19:51:49','1981-08-11 00:16:21'),
('35','35','35','Repudiandae molestiae consequatur blanditiis. Aliquam qui vero deleniti sit voluptate dolor. Tempore consectetur qui voluptate totam consequatur in quae. Debitis porro natus eligendi cum ab reiciendis aut. Ipsa delectus deleniti aut facere.','cupiditate','578641',NULL,'1980-04-20 04:37:49','1980-03-19 23:12:05'),
('36','36','36','Officia ut porro reiciendis sunt suscipit animi est facilis. Ut numquam accusantium in ipsum occaecati cumque. Molestiae ut vitae quasi sunt.','architecto','263',NULL,'1995-08-15 23:44:05','2018-02-27 16:36:05'),
('37','37','37','Quia id quia assumenda. Voluptatem quod impedit et quia voluptas delectus. Vel suscipit ipsam est mollitia adipisci et odio. Cupiditate odit architecto consequatur.','voluptatum','291',NULL,'1992-06-19 02:08:08','1997-10-13 20:47:38'),
('38','38','38','Sint ut quaerat qui et molestiae. Numquam perspiciatis inventore exercitationem. Sunt ut omnis qui sint debitis dolorum ratione.','reiciendis','9661560',NULL,'2011-11-28 14:42:04','1990-09-10 09:22:04'),
('39','39','39','Maxime qui quia aut in amet iure. Ipsum laboriosam facilis debitis.','doloremque','86',NULL,'2016-10-18 23:58:03','2007-02-14 22:41:18'),
('40','40','40','Suscipit est fuga ducimus sint provident ut quod dolorem. Reiciendis corporis ut aperiam et adipisci voluptas magnam. Sit deleniti maiores voluptatem.','quia','20390',NULL,'1997-10-30 04:51:15','2012-08-18 04:20:37'),
('41','41','41','Quo earum ab tempora fuga explicabo dolorum repellendus. Quis fugiat consequatur mollitia culpa asperiores neque officia aut. Officia at sunt necessitatibus reprehenderit sunt enim.','ea','1837656',NULL,'1987-06-24 10:37:52','2011-10-14 05:33:19'),
('42','42','42','Aut reprehenderit necessitatibus porro totam similique consequatur. Nisi quia porro sit esse molestiae odio. Quo amet excepturi sed dolorum ut enim laboriosam.','deleniti','71270235',NULL,'1978-08-04 12:59:47','1988-07-04 05:10:36'),
('43','43','43','Quos expedita hic debitis. Libero mollitia voluptatem dolorem quis accusantium accusantium voluptatem tempore. Eveniet magnam enim eius dolorem quisquam. Rem consequuntur delectus dolor doloremque.','voluptatem','46238',NULL,'1970-08-08 09:44:32','2002-08-01 02:37:40'),
('44','44','44','Molestias ipsum ut ex nesciunt sint asperiores natus. Ipsam qui facilis commodi assumenda optio. Quo nihil perspiciatis iure tempore consequuntur esse consequatur. Aut sed saepe ut cupiditate.','sed','868',NULL,'1988-11-23 22:14:06','1991-04-14 01:05:41'),
('45','45','45','Consequatur velit quibusdam a. Rem quo vel perferendis voluptatem nemo esse sed. Consequatur ut qui qui eaque pariatur et non dolore. Nobis necessitatibus in eos eligendi error neque. Pariatur aut odio qui beatae ut aut explicabo.','voluptatum','616',NULL,'1983-06-07 17:58:56','1986-08-22 01:39:34'),
('46','46','46','Ipsam aut laudantium est. Distinctio et impedit fugiat corporis quisquam dolorum in voluptas. Aut vel ut eum deleniti quod consectetur iusto.','hic','0',NULL,'2000-12-26 00:18:08','2008-04-05 18:33:11'),
('47','47','47','Est tenetur labore ut qui et fugit officiis. Voluptatum quo facilis ut laborum et. Est saepe dignissimos in quia. Et nam et laudantium aut aspernatur.','amet','0',NULL,'2010-01-24 12:32:43','1981-03-16 17:27:54'),
('48','48','48','Cumque deleniti saepe corrupti non nihil. Tempora incidunt doloribus dolor sapiente quasi autem assumenda. Eligendi aut magnam sed illum maiores ut. Non fugiat a aut et voluptatem dignissimos illum.','repudiandae','19',NULL,'2006-03-15 08:24:21','1972-09-10 18:12:11'),
('49','49','49','Alias quis libero dolorum molestiae sed nobis veniam. Suscipit nam voluptatum et veniam pariatur voluptatem minus. Alias accusantium possimus molestiae quo natus.','quia','78329681',NULL,'2000-11-10 15:46:36','1970-04-13 00:43:15'),
('50','50','50','Et nihil ipsum ut ipsam necessitatibus perspiciatis similique. Deserunt officiis voluptatem laboriosam neque dicta. Sunt illo dicta iusto aperiam pariatur.','aut','4',NULL,'1987-07-05 16:49:57','1978-05-30 10:15:06'),
('51','51','51','Architecto maiores tempora magnam quae incidunt in voluptatem. Minima enim eum id omnis similique libero ab. Quibusdam sint rem libero rem iusto corporis ipsam sed. Voluptatibus tempore maxime expedita. Quibusdam sequi placeat sit.','voluptas','0',NULL,'1972-05-04 02:23:38','1986-10-10 22:36:06'),
('52','52','52','Neque perspiciatis animi ut fugit. Et ex inventore hic odio ipsa eum dolor. Dolor eum error ut dolorem non dolores harum.','iure','136',NULL,'2018-08-06 11:37:19','1997-03-30 08:41:34'),
('53','53','53','Impedit reprehenderit voluptatibus eaque. Aut molestias ut consectetur aliquam est architecto. Est voluptatibus tempora dolorem.','omnis','2725',NULL,'2017-06-05 10:27:24','2000-01-24 15:04:48'),
('54','54','54','Est harum esse iure quo eaque dignissimos et. Veritatis provident qui ut. Natus corporis dolorem occaecati. Illo nam neque quae nihil nam est.','ut','637925',NULL,'1999-06-02 15:00:50','1973-07-11 01:56:13'),
('55','55','55','Suscipit sit nostrum culpa sunt. Rerum libero qui explicabo dignissimos. Est consequatur quidem sed sunt aut repudiandae enim.','unde','89402',NULL,'2000-12-11 08:29:10','2005-05-17 18:26:09'),
('56','56','56','Exercitationem non repellendus deleniti molestiae. Commodi inventore cumque ea officiis non aut molestiae. Et quod aut ad autem necessitatibus.','assumenda','87742980',NULL,'1989-10-24 01:48:34','1976-05-28 15:56:54'),
('57','57','57','Et culpa omnis dolorum quia aliquid ut. Pariatur repellendus quod officia sed. Dolorum quis reiciendis explicabo quisquam voluptates est a. Quis repellendus est expedita nesciunt accusamus dolor.','expedita','7773935',NULL,'2018-09-08 19:45:14','1984-04-16 22:38:54'),
('58','58','58','Cupiditate quia molestiae quasi. Eius sed voluptas error voluptatum eos dolores quia et. Perferendis doloribus vero sunt quia itaque sunt velit alias. Molestias ut repellat labore consectetur eum.','asperiores','44577043',NULL,'1982-10-02 01:59:42','2015-04-22 02:07:35'),
('59','59','59','Non autem nisi explicabo vero eius earum. Est harum repellendus architecto dolorum ea ut voluptatem. Ipsam sed autem quod error sint. Et aperiam dolores provident mollitia.','nihil','34949648',NULL,'2001-01-28 04:52:49','1985-02-02 05:33:42'),
('60','60','60','Alias expedita eius quos et quaerat praesentium. Ut et nobis adipisci. Nulla similique qui eligendi est velit aut aut. Facere ut officia excepturi qui ut atque.','tenetur','351418579',NULL,'1981-11-21 00:59:50','2011-06-01 11:15:35'),
('61','61','61','Illum fugit ea dolorum et aut magni qui. Cumque delectus assumenda quaerat eum ratione minima voluptatum. Ea mollitia qui dolorem nihil soluta quaerat voluptate. Quibusdam odit ut sunt ducimus.','et','108367071',NULL,'1988-04-22 02:41:01','1993-04-19 17:26:29'),
('62','62','62','Rerum impedit labore veritatis inventore dicta praesentium. Molestiae fugiat reprehenderit iusto voluptate doloribus in. Et enim soluta architecto non ad.','ut','4',NULL,'1986-04-15 05:12:19','2006-12-13 23:12:56'),
('63','63','63','Quo voluptatibus aut repudiandae est qui voluptatum. Voluptas in laudantium et occaecati fuga voluptatibus fuga. Magnam sunt qui atque nisi adipisci. Deserunt et consectetur similique soluta optio.','quam','905452899',NULL,'1983-09-07 11:51:59','2000-08-03 03:05:32'),
('64','64','64','Qui nemo ratione nisi dolor rerum hic. Unde consequatur id ut rerum porro aut. Aperiam repellat vel sed.','recusandae','262370016',NULL,'1995-08-02 08:55:44','1972-03-07 11:21:43'),
('65','65','65','Consequatur exercitationem vitae ipsum unde ad quas dicta. Neque nihil aliquam nihil illum ab rerum.','in','521',NULL,'2008-03-22 04:31:02','2009-10-09 17:02:22'),
('66','66','66','Neque eum sint voluptates earum ea consequatur corrupti. Quis praesentium dolores dignissimos consequatur unde. Ratione qui et dolor. Doloribus qui architecto ducimus. Officiis excepturi et molestiae odio qui ab ipsam ex.','debitis','0',NULL,'2015-08-17 18:30:25','1991-11-21 23:03:09'),
('67','67','67','Omnis velit in illum quod quaerat. Rerum sunt aut doloribus laboriosam aliquam voluptatibus. Incidunt alias odio vero ex quibusdam doloribus. Voluptatem dolor et incidunt rem voluptatum tempore numquam. Fuga aut numquam voluptas repellendus voluptatum ea et molestiae.','velit','0',NULL,'2008-04-12 02:56:27','1979-06-09 01:12:02'),
('68','68','68','Quae omnis illum et officiis magnam quis suscipit. Numquam aperiam ratione omnis reiciendis nostrum.','eius','30',NULL,'1989-08-09 15:55:01','2009-06-15 14:41:11'),
('69','69','69','Voluptas recusandae deserunt voluptate eveniet est a. Architecto cumque est explicabo nam aut ut. Dolores quis qui non dolore id iure.','et','0',NULL,'1981-11-06 17:04:12','2012-08-10 18:33:00'),
('70','70','70','Iste ratione culpa pariatur est voluptatem. Et nihil molestiae unde quasi. Ipsum et qui quod qui. Modi dicta odit mollitia magni et.','non','54',NULL,'2011-06-10 12:35:02','1992-09-13 09:38:59'),
('71','71','71','Aliquid tenetur velit quod nam. Ut dignissimos id rerum ipsa sit numquam omnis.','quibusdam','8',NULL,'1993-04-21 16:41:32','2003-12-02 01:04:26'),
('72','72','72','Expedita inventore est quia dignissimos ducimus iste eum. Voluptas rem dolores rerum autem modi. Voluptatem dignissimos odio facilis quia expedita excepturi.','dolores','305008830',NULL,'2003-05-20 00:14:00','1992-02-08 16:30:08'),
('73','73','73','Modi qui aliquam temporibus suscipit magni sequi facilis explicabo. Rerum nostrum est et excepturi sint qui aperiam ut.','minus','1437254',NULL,'2009-02-13 13:21:03','1970-03-17 22:48:02'),
('74','74','74','Minima velit nam et reiciendis voluptas dicta saepe. Et tenetur sit tempora neque. Impedit nihil iste non minus. Nesciunt occaecati ut sit.','atque','906896',NULL,'2018-12-29 00:22:36','1978-10-30 23:02:36'),
('75','75','75','Omnis adipisci id iste eum quod commodi reprehenderit. Error illo corporis dolor dicta voluptate provident voluptatibus. Numquam aliquid asperiores dolor dolorum id suscipit expedita.','minus','49',NULL,'2006-01-01 22:35:21','2018-01-19 09:15:41'),
('76','76','76','Et veritatis aut ut fugit delectus aut. Ab facere quia saepe possimus minus voluptas vero ratione. Sit ex et et ex odit.','ullam','2',NULL,'2015-08-04 05:04:32','2002-06-14 22:08:25'),
('77','77','77','Eos est in et esse quas officia incidunt. A libero neque itaque est. Temporibus omnis dolor quo et.','et','0',NULL,'1978-09-11 05:24:56','1975-10-27 11:41:03'),
('78','78','78','Quos totam quidem alias temporibus voluptatibus error. Velit dolorem maiores mollitia laboriosam dolore magni consectetur. Qui doloremque debitis magnam dolor delectus rerum.','architecto','12025',NULL,'1980-08-16 14:21:06','1982-04-07 09:25:34'),
('79','79','79','Ducimus quia soluta vel aut et vitae eos. Et quia quos culpa magni.','ipsum','0',NULL,'2012-07-08 07:03:11','1998-11-17 09:28:49'),
('80','80','80','Sed facere incidunt qui eaque velit temporibus asperiores. Ab dolore omnis omnis sed.','porro','91',NULL,'2017-11-18 11:52:19','1971-08-30 04:14:22'),
('81','81','81','Aliquid placeat repudiandae saepe. Corporis corrupti voluptate omnis quod laudantium sequi voluptatem.','doloremque','261',NULL,'1985-12-02 00:51:04','1980-04-01 00:50:26'),
('82','82','82','Autem quo et maxime et dolores est sint. Sed debitis sit quia molestias et atque veritatis nam. Aut libero qui laborum ipsa omnis.','iusto','67944161',NULL,'1997-08-22 08:44:54','2005-08-24 01:30:57'),
('83','83','83','Delectus et officiis eos nisi. Eaque eos qui consequatur ut provident repudiandae. Corrupti ut id sit illum. Corporis fugiat sit soluta.','veniam','66',NULL,'2012-03-25 05:59:53','1994-01-25 03:57:19'),
('84','84','84','Aut voluptatem ipsa quasi amet nam. Modi magni rerum natus aut et error. Rerum et deserunt aliquam vel consectetur dignissimos.','dolores','120',NULL,'1994-07-03 13:18:02','1994-02-24 22:32:03'),
('85','85','85','Aliquid iusto eum adipisci ea suscipit rerum a. Voluptatum eius non ut maiores. Sint architecto est et.','quia','33852',NULL,'1973-03-24 10:36:43','2001-10-30 08:24:26'),
('86','86','86','Repellat eos nihil ex earum nostrum amet. Est commodi ab atque dolor et similique officiis.','aut','356',NULL,'2002-08-05 07:40:44','1973-06-27 07:23:01'),
('87','87','87','At autem minima labore provident. Nesciunt est maiores non ex qui vitae qui. Omnis in deserunt quasi alias officiis tempora. Accusamus aut hic fuga officia.','qui','5717349',NULL,'1983-03-16 23:47:49','2018-08-06 21:24:30'),
('88','88','88','Commodi voluptatem laudantium dolorum dolor consectetur soluta. Quos sit repellendus et beatae.','numquam','2',NULL,'1971-08-04 20:06:02','1979-09-13 16:48:35'),
('89','89','89','Officiis non et ex cum. Sint exercitationem nisi nulla expedita praesentium. Nulla nemo voluptatibus fugiat ut voluptate vitae in. Voluptatum nemo repellat fugiat.','dolor','5795656',NULL,'2010-01-28 10:05:31','1986-03-01 00:08:48'),
('90','90','90','Consequatur ea et animi placeat vitae. Optio quia veniam consequatur. Facilis enim animi doloribus et. Quia consectetur velit ab recusandae tempore reprehenderit aliquam cupiditate.','qui','4784037',NULL,'1974-01-13 21:31:16','2003-10-18 17:54:04'),
('91','91','91','Expedita nobis iste culpa quos et ut facilis. Corporis ut rerum numquam porro repellat ratione id. Aliquid debitis dolorem sequi animi et sapiente sint.','laudantium','159044',NULL,'1973-02-06 02:41:36','2003-12-06 10:59:09'),
('92','92','92','Necessitatibus quia nostrum ut nemo consequatur. Aut quisquam quos corporis voluptatibus ut asperiores dolores. Animi dolorem eum sequi quidem quibusdam.','consequuntur','57',NULL,'1983-07-06 22:13:36','1970-11-08 08:16:01'),
('93','93','93','Dolorum doloremque et autem tenetur. Ex quaerat rem quia accusantium facilis. Qui est aspernatur vero minima. Id nulla sequi qui doloremque dolor. Est id rerum et corrupti quia.','autem','3999',NULL,'2019-03-02 15:46:57','1999-11-10 19:19:28'),
('94','94','94','Qui iure ut hic rerum. Aut quod blanditiis omnis. Perferendis sapiente laborum perspiciatis voluptate natus illum voluptatem accusantium.','esse','4218009',NULL,'1998-11-22 20:24:22','2018-04-25 02:40:32'),
('95','95','95','Excepturi minima doloribus dolorum in cumque corrupti enim. Sed ut aperiam maiores quos. Et esse et perspiciatis nemo alias officiis facilis. Nobis ea eum esse voluptatem repellendus. Architecto minus quisquam corporis occaecati omnis deleniti consequuntur.','est','449',NULL,'2010-06-20 14:42:58','1991-10-04 09:24:50'),
('96','96','96','Nemo blanditiis nihil quasi. Reprehenderit amet libero aut voluptatum dolor at expedita. Repellendus quis sunt illo alias. Aut voluptatibus tempora quod error corrupti laborum quia totam.','nobis','238840',NULL,'2003-04-15 17:22:42','1995-07-25 12:16:54'),
('97','97','97','Magni reiciendis et deserunt iste culpa incidunt qui. Et quia praesentium et. Deserunt dicta impedit quia neque mollitia molestiae. Cumque animi quisquam quo vero consequatur qui quae.','molestiae','669',NULL,'1987-05-01 02:46:51','1981-01-30 05:18:21'),
('98','98','98','Consectetur totam dolore aperiam saepe fuga at magnam. Eveniet dolorem est dolores accusamus eius id vitae. Ullam sunt ea commodi inventore. Dolor quae dolores error assumenda temporibus illum dolorem commodi.','quis','663117',NULL,'2017-01-24 19:36:59','1997-09-01 11:17:33'),
('99','99','99','Debitis earum et distinctio nisi aut. Sit itaque non reprehenderit harum eos expedita consequatur. Harum soluta ut quo ut distinctio libero et voluptas.','ratione','9',NULL,'2005-07-04 01:21:30','2007-04-03 07:59:28'),
('100','100','100','Magni temporibus voluptates rerum laudantium quod. Nesciunt alias rerum sint itaque vel laborum. Sunt quisquam quis sed voluptates accusantium a non.','sequi','9874717',NULL,'2009-03-05 18:02:42','1975-09-06 06:27:48'); 


DROP TABLE IF EXISTS `media_types`;
CREATE TABLE `media_types` (
  `id` bigint(20) unsigned NOT NULL AUTO_INCREMENT,
  `name` varchar(200) COLLATE utf8_unicode_ci DEFAULT NULL,
  PRIMARY KEY (`id`)
) ENGINE=InnoDB AUTO_INCREMENT=101 DEFAULT CHARSET=utf8 COLLATE=utf8_unicode_ci;

INSERT INTO `media_types` VALUES ('1','tempora'),
('2','quia'),
('3','voluptatibus'),
('4','culpa'),
('5','minima'),
('6','ipsa'),
('7','nihil'),
('8','voluptatem'),
('9','consequatur'),
('10','qui'),
('11','alias'),
('12','reiciendis'),
('13','officiis'),
('14','numquam'),
('15','mollitia'),
('16','esse'),
('17','rerum'),
('18','perferendis'),
('19','nostrum'),
('20','est'),
('21','et'),
('22','atque'),
('23','voluptates'),
('24','dolorem'),
('25','aut'),
('26','corporis'),
('27','pariatur'),
('28','vel'),
('29','commodi'),
('30','sit'),
('31','et'),
('32','quis'),
('33','temporibus'),
('34','dolorem'),
('35','rerum'),
('36','laudantium'),
('37','in'),
('38','iste'),
('39','distinctio'),
('40','vitae'),
('41','ut'),
('42','aperiam'),
('43','cumque'),
('44','vel'),
('45','et'),
('46','sunt'),
('47','voluptas'),
('48','doloribus'),
('49','mollitia'),
('50','similique'),
('51','occaecati'),
('52','praesentium'),
('53','autem'),
('54','quod'),
('55','sint'),
('56','culpa'),
('57','pariatur'),
('58','voluptate'),
('59','numquam'),
('60','ut'),
('61','est'),
('62','laboriosam'),
('63','id'),
('64','libero'),
('65','laborum'),
('66','qui'),
('67','aut'),
('68','eveniet'),
('69','fugiat'),
('70','voluptatem'),
('71','voluptatem'),
('72','ut'),
('73','debitis'),
('74','consequuntur'),
('75','reiciendis'),
('76','aut'),
('77','libero'),
('78','molestias'),
('79','fugiat'),
('80','cumque'),
('81','voluptatem'),
('82','eaque'),
('83','aut'),
('84','expedita'),
('85','adipisci'),
('86','ad'),
('87','quasi'),
('88','velit'),
('89','ut'),
('90','consequatur'),
('91','et'),
('92','voluptatum'),
('93','exercitationem'),
('94','distinctio'),
('95','quis'),
('96','alias'),
('97','et'),
('98','iure'),
('99','molestiae'),
('100','enim'); 


DROP TABLE IF EXISTS `messages`;
CREATE TABLE `messages` (
  `id` bigint(20) unsigned NOT NULL AUTO_INCREMENT,
  `from_user_id` bigint(20) unsigned NOT NULL,
  `to_user_id` bigint(20) unsigned NOT NULL,
  `body` text COLLATE utf8_unicode_ci DEFAULT NULL,
  `created_at` datetime DEFAULT current_timestamp(),
  PRIMARY KEY (`id`),
  KEY `from_user_id` (`from_user_id`),
  KEY `to_user_id` (`to_user_id`),
  CONSTRAINT `messages_ibfk_1` FOREIGN KEY (`from_user_id`) REFERENCES `users` (`id`),
  CONSTRAINT `messages_ibfk_2` FOREIGN KEY (`to_user_id`) REFERENCES `users` (`id`)
) ENGINE=InnoDB AUTO_INCREMENT=101 DEFAULT CHARSET=utf8 COLLATE=utf8_unicode_ci;

INSERT INTO `messages` VALUES ('1','1','1','Dolorem voluptate et laudantium accusantium. Est deleniti atque non voluptatem voluptates odio. Odit velit ducimus repellat ab. Eum assumenda enim tempora quia occaecati. Error sed voluptatem sapiente debitis.','2014-12-28 11:57:34'),
('2','2','2','Nam dolore doloribus illo non. Nulla et eius dolores laborum excepturi ea deserunt. Cumque aperiam numquam animi esse minima recusandae tempora. Iure expedita earum minima atque eum rem vitae.','2011-12-21 08:14:22'),
('3','3','3','Ipsum laudantium aliquam itaque nihil eius molestiae. Soluta provident explicabo accusamus magnam. Sequi voluptatem atque reiciendis sed.','2017-06-09 05:39:33'),
('4','4','4','Rerum et culpa dolorum saepe in voluptatem rerum. Laborum reiciendis dolor non quisquam. Fuga culpa ea facere asperiores unde non deserunt est. Quo aspernatur incidunt quae eos nisi aliquam.','1982-12-24 02:56:50'),
('5','5','5','A est hic quia omnis ut. Labore delectus tenetur ea fugiat suscipit distinctio earum. Aliquid rerum vel perspiciatis velit.','2012-05-03 03:36:58'),
('6','6','6','Sit ab natus recusandae modi quidem. Non facere et itaque molestiae repellendus pariatur praesentium. Est earum omnis commodi beatae debitis sit dolorem quo. Nemo aut voluptate non ab aliquid aut qui.','2016-01-24 18:56:19'),
('7','7','7','Distinctio fuga harum rem mollitia enim. Ad ratione repudiandae odio.','1985-07-12 17:54:32'),
('8','8','8','Ut iure aut at maiores repellat praesentium et. Quia deleniti fugiat dolorum esse voluptas. Corrupti cumque non maiores rem velit nostrum quis est.','1998-12-07 02:31:12'),
('9','9','9','Odio quos consequatur et natus corrupti illum quaerat. Asperiores sed fugiat illo magnam incidunt quos illum. Dolorem qui earum ratione nam eius. Recusandae nostrum deserunt quod est dolor molestias molestiae.','1999-12-15 22:34:16'),
('10','10','10','Temporibus sed placeat vel fugit. Veniam modi sequi dolore ex. Quo distinctio exercitationem quos ipsum est non.','1982-10-04 21:08:02'),
('11','11','11','Aliquid distinctio inventore blanditiis vel qui. Numquam qui voluptates esse reiciendis. Impedit commodi voluptatem veniam. Quaerat fugiat rerum qui nemo. Assumenda nihil et blanditiis recusandae temporibus.','2005-10-09 18:29:03'),
('12','12','12','Laborum eos veritatis aliquam fuga. Praesentium id ducimus nihil. Excepturi nesciunt eum dolores voluptatum. Molestias unde sunt ut dolore corporis tempore qui.','1989-10-22 07:45:35'),
('13','13','13','Qui eum quis nihil quis. Unde ab dolore ut quia aut. Harum quod sint est ratione. Id dolor autem corrupti esse.','2000-12-10 15:03:46'),
('14','14','14','Magnam qui tempora atque ratione consequatur minima. Assumenda velit ut id soluta aut ea qui.','2002-09-29 16:59:44'),
('15','15','15','Explicabo consectetur veniam porro quo et eum. Voluptas quidem id molestiae. Velit quo quas perferendis magni voluptatibus facilis blanditiis.','2001-05-28 14:05:06'),
('16','16','16','Repudiandae et cumque harum exercitationem sint enim minima. Fugiat perspiciatis eos nam alias soluta illo voluptate culpa. Et qui omnis omnis quia sed.','1992-01-22 08:58:38'),
('17','17','17','Et sit fugit magni at ad necessitatibus saepe. Qui eaque quas aspernatur autem eligendi. Et cupiditate autem sed harum laudantium saepe perferendis. Odio sit ipsam atque officiis ducimus optio nostrum.','1979-10-05 21:00:18'),
('18','18','18','Tempore in maxime labore nihil velit ducimus odit. Cumque doloribus laudantium laborum quos sed. Ea ea dicta perspiciatis libero.','2008-10-31 13:34:52'),
('19','19','19','Dolor maxime velit possimus aut id optio deleniti. Repudiandae voluptatibus ipsam voluptas laudantium sint quia id.','1978-01-09 01:08:19'),
('20','20','20','Soluta aut aut assumenda id exercitationem. Nemo error quaerat neque dolor ut minima voluptatem. Nulla ut iusto et nesciunt voluptatem nihil.','2006-01-30 14:54:49'),
('21','21','21','Facere est alias soluta eos deleniti. Reiciendis id a ut mollitia aspernatur reiciendis. Corrupti qui quod sequi eos voluptatibus itaque cum nihil. Explicabo quibusdam magni dicta qui voluptate id rerum.','2008-08-24 08:23:25'),
('22','22','22','Qui quibusdam eveniet ducimus ducimus consequatur. Vel aut aut qui laudantium exercitationem delectus sint. Quibusdam ad deserunt nulla expedita ducimus et non. Accusamus dolor qui inventore alias in at.','2000-11-01 03:10:07'),
('23','23','23','Ad eos veritatis similique vel iste voluptatum. Sed itaque officia deserunt expedita maiores consequatur et. Voluptatem harum occaecati perspiciatis facilis error. Aut omnis maxime nostrum excepturi.','1999-04-27 13:01:13'),
('24','24','24','A itaque rerum minus aut aut consequatur. Ratione et quidem necessitatibus. Ducimus et qui cum dolor quisquam ipsa maiores voluptatem. Veritatis est est dignissimos est fuga. Repudiandae culpa quia corporis ipsam repellat inventore atque.','1981-07-04 22:17:16'),
('25','25','25','Veritatis non sit est modi et. Adipisci ea rem aut officiis enim sit. Nemo quo error rerum eveniet dolor id. Quidem porro ex nihil dignissimos alias maiores maxime.','1989-07-24 08:02:43'),
('26','26','26','Rerum et dolorum ut aspernatur iure et voluptatem. Ab est laborum dolor quasi possimus. Quibusdam fugit quas a cum quae temporibus. Aliquid quos esse porro qui et.','1996-12-30 12:35:45'),
('27','27','27','Maiores totam distinctio et quibusdam iusto. Quibusdam sed id harum explicabo ipsum impedit ea. Sunt aliquid aut autem quia rem praesentium. Iure officiis sed cumque.','1998-01-31 13:50:26'),
('28','28','28','Voluptatem amet aliquid earum numquam nihil aut et. Omnis vero aut enim ut. Nemo quia magni consequuntur non fugiat recusandae unde. Harum qui enim voluptatibus unde molestiae.','1974-12-13 05:59:13'),
('29','29','29','Eligendi laborum quis quia temporibus. Non aut pariatur laborum dignissimos aspernatur iste et. Libero et repellat debitis laboriosam quis. Quia eveniet ut beatae provident.','1976-03-09 17:30:27'),
('30','30','30','Voluptatibus non minus suscipit voluptate maxime. Cumque nostrum molestias maiores dolor. Expedita harum sint necessitatibus ea amet illum nobis. Placeat voluptas cum velit excepturi eum qui nobis. Quia vero cupiditate dolore officia deleniti.','1978-03-30 00:43:46'),
('31','31','31','Distinctio possimus accusamus eveniet voluptas quos nisi. Doloribus distinctio ad dolor ullam voluptatem voluptas ut suscipit. Vero distinctio aliquid nobis amet optio mollitia quis.','1995-10-09 14:30:54'),
('32','32','32','Itaque omnis quos itaque qui dolorem iure unde. Placeat natus rem optio sit quasi sit molestiae. Nulla ut velit provident non atque qui occaecati. Laborum accusantium saepe officiis voluptas deserunt.','1971-07-23 23:46:46'),
('33','33','33','Est eveniet minima consectetur ducimus sed. Cumque accusantium quia deleniti tenetur sit reprehenderit molestiae voluptas. Aperiam maiores a et ut numquam corrupti. Non sit id est molestiae itaque ducimus voluptatem distinctio.','2013-07-06 05:31:23'),
('34','34','34','Hic minima nemo natus voluptas et maiores. Commodi repellat suscipit consequatur. Illum quaerat ea praesentium sed at repellat ab. Quia sunt consequuntur non deserunt repellat voluptates rerum.','1986-10-30 03:38:36'),
('35','35','35','Quisquam ut rerum aperiam fugiat. Sunt illo error delectus culpa voluptas. Eveniet exercitationem ipsa nam quia. Doloremque veniam atque maxime.','2014-08-23 20:39:26'),
('36','36','36','Sint ipsa expedita asperiores id perspiciatis ut non. Velit placeat quo quaerat et et. Illum qui et sed sint ea. Necessitatibus ut pariatur dolores officiis.','2007-08-17 16:38:15'),
('37','37','37','Ratione quis rerum accusamus odio. Est eaque qui numquam cum optio at explicabo. Eos sed cumque velit. Possimus ad vitae accusamus consectetur. Est sed optio facere.','2007-11-12 16:04:38'),
('38','38','38','Laborum aut ab dolor similique. Id ut exercitationem nemo et. Corporis odit provident aperiam labore reiciendis praesentium.','1984-07-07 15:42:21'),
('39','39','39','Officia perspiciatis ipsa eveniet placeat numquam. Laborum veniam consectetur dolor consequatur repellat. Veritatis voluptate maxime qui et numquam temporibus sit ipsum. Expedita sunt laboriosam aliquid debitis aut tenetur cumque. Praesentium eos ratione modi ducimus.','2014-06-04 14:31:02'),
('40','40','40','Cupiditate aut eum quam eveniet laudantium id nesciunt. Voluptas reiciendis laborum voluptatem voluptas aliquid. A velit voluptates ut eum. Deserunt fuga est rerum eligendi molestiae ea.','2018-03-30 12:17:58'),
('41','41','41','Autem placeat autem est enim quia asperiores voluptatum. Quod ipsum ut aut consequuntur qui reiciendis harum. Est facilis itaque dolorem velit ea et consequuntur.','2016-08-08 17:06:29'),
('42','42','42','Magni enim unde aut odio voluptatem. Voluptas laboriosam voluptas voluptatem exercitationem iure quia non. Molestiae assumenda ipsum repellat. Error eos repellendus occaecati et velit quos et.','2014-03-03 18:39:40'),
('43','43','43','Voluptas sapiente ut quia autem et. Impedit repudiandae nisi et. Quisquam et totam eum iure odio at at.','2013-05-27 22:53:42'),
('44','44','44','Et non quia animi praesentium suscipit. Nemo quia doloremque dolor cumque minus eum earum. Nihil praesentium quod iure accusantium eius autem rem. Deserunt unde dolorem neque doloremque.','1986-02-04 14:00:35'),
('45','45','45','Ipsum nostrum nulla est vel accusantium aut. Iste illum non et corporis incidunt ut doloremque. Accusamus corrupti quis autem cum deserunt et quasi dolorem. Doloribus est qui non non eligendi quia quo. Libero velit sit perspiciatis fuga porro doloremque hic.','1983-06-22 22:25:43'),
('46','46','46','Non qui et id consectetur consequatur. In inventore omnis dolorem aut. Atque amet ab quidem maiores illum adipisci et. Id beatae rerum adipisci ratione.','2005-10-03 11:47:50'),
('47','47','47','Soluta alias beatae non. Assumenda adipisci officiis rerum magnam fugit et. Hic fuga dolor voluptatem est et officia voluptatum.','1981-08-25 04:34:02'),
('48','48','48','Veritatis id at aut repellat voluptate laborum. Voluptatem quod cupiditate non rerum. Cum aut eos et voluptatem et. Rerum explicabo non voluptatibus in qui voluptatem recusandae. Qui et dolore ipsam aut incidunt laboriosam et.','1991-01-31 06:14:04'),
('49','49','49','Quos quibusdam autem nihil dicta distinctio perspiciatis qui. Cum autem voluptatem laboriosam voluptas inventore. Sequi voluptas et omnis quae. Cupiditate alias omnis sunt odio ut voluptates occaecati.','2019-10-24 14:09:11'),
('50','50','50','Perspiciatis sapiente unde dolores consequuntur asperiores. Saepe repudiandae quia excepturi repellat nisi. Architecto ad laudantium eius.','1986-04-18 14:35:34'),
('51','51','51','Ipsam et sunt sit excepturi et in aut. Praesentium qui minus in est non dolorem voluptates ab. Sunt magnam quis ducimus sunt quia.','1998-03-15 14:36:52'),
('52','52','52','Et illo debitis ex. Vitae sit explicabo sed iure sunt. Perspiciatis vel id qui in dolor provident delectus quas.','1975-05-19 11:45:20'),
('53','53','53','Id et praesentium modi aut. Sunt officiis necessitatibus velit corporis culpa. Doloremque rerum incidunt doloremque consectetur quo. Tempore molestiae voluptatibus tempora.','2010-09-16 07:51:16'),
('54','54','54','Corrupti nemo dolor ut deserunt est. Nobis facere distinctio necessitatibus optio voluptatum cupiditate sequi impedit. Vel est repellendus doloribus molestiae est. Nihil quia atque voluptatem dolorem recusandae necessitatibus distinctio.','2010-07-06 12:41:30'),
('55','55','55','Cupiditate et et quia possimus ut itaque. Sit illo sunt eos explicabo voluptatem suscipit. Voluptatem aliquid architecto autem porro quidem consequatur aliquid.','1973-09-29 08:26:46'),
('56','56','56','Est vel et occaecati nemo enim et sunt. Ea expedita molestias culpa sunt eum expedita necessitatibus. Quas autem id neque nemo illum. Ut molestiae esse reprehenderit sed.','1976-06-29 11:25:22'),
('57','57','57','Fugiat repellat aspernatur minima non facere aperiam similique. Sit dolorum sunt assumenda nostrum ut ratione. Reprehenderit excepturi quod non in. Quidem tempora soluta amet cumque voluptatem assumenda.','2001-09-02 14:29:29'),
('58','58','58','Quos quo nam nam iusto odio. Ex expedita odit sapiente est suscipit ipsam. Est ullam adipisci culpa eum provident quis.','1982-07-10 08:07:03'),
('59','59','59','Facilis est recusandae enim ducimus et. Adipisci et porro eius nemo sit. Aut quia doloremque soluta magni molestias.','1982-06-04 18:22:04'),
('60','60','60','Qui dolores earum ut et voluptatibus. Omnis qui est tempore voluptates eligendi eum optio. Eius maxime cumque vel dolorum ratione aut eum tempora.','2017-03-15 10:32:56'),
('61','61','61','Nam id vel qui facilis. Et et praesentium non quia. Nobis quia incidunt repellendus rerum qui eaque. Quo ea officiis in.','2009-05-03 20:00:53'),
('62','62','62','Nostrum voluptatem et architecto similique. Aut necessitatibus odit aspernatur enim. Deleniti doloremque facere id doloremque nihil architecto.','1986-12-17 23:33:05'),
('63','63','63','Quis numquam similique dolore. Quia qui minima praesentium ducimus quisquam nostrum a. Recusandae aut officiis culpa omnis et voluptatem. Optio sed veritatis quas placeat aliquam maiores omnis.','1971-10-21 04:20:02'),
('64','64','64','Consequatur eos modi expedita impedit temporibus. Quaerat porro dolorem nemo doloremque dolore. Enim rerum nisi voluptas ab ipsum quas occaecati. Est inventore cum aut.','1994-01-07 15:08:52'),
('65','65','65','Doloribus laudantium doloremque impedit quo nobis eveniet eos. Similique alias et recusandae consequuntur ut voluptatem ut. Fugiat nostrum neque laudantium eum inventore excepturi nesciunt ut. Hic quas ut alias asperiores vel qui voluptas.','2016-06-24 11:37:43'),
('66','66','66','Hic aspernatur quis impedit ipsum voluptatem tempora officiis hic. Non labore id est id et. Qui ipsam quis optio officiis voluptas incidunt. Dolorem distinctio ut laboriosam fugiat laborum magni.','1990-06-20 01:15:03'),
('67','67','67','Adipisci explicabo vel quia et atque. Rerum aut eveniet ducimus optio ex blanditiis illum. Sunt expedita sit ut eligendi vel ducimus cupiditate.','1973-09-18 06:27:57'),
('68','68','68','Sed natus dolorem dolores minima. Omnis eius consequatur iure excepturi est et. Mollitia ea optio ut necessitatibus. Reiciendis laborum iusto blanditiis fuga velit dicta ducimus incidunt. Est corporis voluptatem porro.','2009-11-28 03:02:01'),
('69','69','69','Iusto sed porro nemo quos nobis quasi in. Et deleniti aut nesciunt minus assumenda et. Ut odit rerum aperiam voluptatum. Quibusdam doloribus atque et iste tempore.','1979-08-30 20:10:14'),
('70','70','70','Dignissimos enim rerum nesciunt omnis rerum. Quae perspiciatis quos occaecati in omnis rerum voluptatum. Molestiae sit suscipit rerum ea.','1986-02-09 10:06:51'),
('71','71','71','Repudiandae eveniet architecto sed veniam. Odio ut eos incidunt harum quam sint incidunt. Dolores et dignissimos culpa blanditiis laboriosam qui.','2011-04-18 19:18:26'),
('72','72','72','Natus qui modi dolorem placeat omnis voluptatem. Quia sunt excepturi voluptas quas vel nesciunt est repellat. Praesentium maxime sequi voluptas consequatur numquam ratione magni aut.','2010-05-20 23:15:29'),
('73','73','73','Nobis sit expedita animi voluptas pariatur voluptas quisquam. A temporibus aliquid libero dicta id quaerat.','1996-12-09 20:13:45'),
('74','74','74','Excepturi quisquam quo consequuntur dicta commodi ullam eveniet. Similique id rerum aut qui sequi quia natus. Quam non praesentium laudantium sit. Modi ipsa et omnis delectus ratione impedit.','2012-07-11 11:30:43'),
('75','75','75','Ipsam iste et et est deleniti aperiam nesciunt. Non excepturi enim minima necessitatibus. Impedit incidunt excepturi nisi deserunt et natus voluptates.','2011-11-21 15:12:34'),
('76','76','76','Aut eum incidunt quia laudantium eum. Aut totam aut similique. Animi et quam sequi. Facilis maiores iusto id sequi magni nobis.','1991-01-11 13:04:29'),
('77','77','77','Numquam deleniti et aspernatur autem. Molestiae officia qui sed. Sunt necessitatibus nihil quae totam. Quidem assumenda quisquam quasi sequi cupiditate consequuntur.','1985-11-20 15:40:14'),
('78','78','78','Ad perferendis odio delectus corrupti qui sunt omnis non. Neque sed rerum aspernatur voluptate iusto explicabo magnam. Sed quia perspiciatis aut omnis aspernatur ut vero earum. Iusto quis et eius.','1979-06-09 22:42:27'),
('79','79','79','Nesciunt et eos tenetur qui impedit. Reiciendis quasi eum aut. Aliquid adipisci nostrum repellat saepe magnam accusantium quia.','1973-06-05 00:31:11'),
('80','80','80','Quia atque illo eum dolore atque iure porro. Sapiente dolores ducimus velit a. Optio voluptatem porro facilis adipisci sunt. Mollitia praesentium molestias nulla molestias exercitationem.','2018-04-08 04:29:28'),
('81','81','81','Et qui dicta suscipit rerum enim nemo eum ea. Quod aspernatur est voluptas labore. Officia similique debitis dolores dolor minus. Et quam tenetur iste totam.','2009-03-09 04:50:41'),
('82','82','82','Architecto eum consequatur dolorum deserunt. Ratione minima ut voluptatibus. Omnis officiis et quisquam architecto quas eos provident. Velit eos et repellat quae excepturi ipsa optio.','1989-06-09 12:41:20'),
('83','83','83','Sunt et accusamus quia velit laborum laboriosam molestiae. Est consequatur qui sit explicabo animi adipisci aut neque. Mollitia similique enim eveniet eius aspernatur.','2006-12-29 08:32:45'),
('84','84','84','Optio rerum quia enim expedita explicabo quis architecto. Dolore rerum qui et et enim ipsum at numquam. Saepe explicabo culpa et veniam ipsum voluptatem qui.','2005-07-26 20:24:31'),
('85','85','85','Dolorum facilis et tenetur voluptas sint. Quaerat ex odit doloremque quisquam. Veritatis veniam voluptatem eveniet quam quis dignissimos asperiores.','2010-04-21 15:16:32'),
('86','86','86','Vel amet repellendus modi eveniet. Sunt sunt eaque et modi quaerat. Modi ut omnis consequatur facere possimus non nostrum. Omnis sit delectus est est eum sed.','2015-11-14 20:03:54'),
('87','87','87','Dolorem ea sunt nulla deserunt qui a expedita qui. Aspernatur sed rem aperiam. Porro aut delectus sint quia eum aut nesciunt.','2017-01-17 09:44:29'),
('88','88','88','Quidem blanditiis et animi libero. Cum numquam incidunt ratione voluptas quia deleniti eaque magni. Earum maxime similique aut omnis id quo occaecati ex. Ex alias nemo voluptatem excepturi eos dolor eligendi.','1983-12-04 15:58:39'),
('89','89','89','Sed vero eos nesciunt tenetur. Ipsam excepturi tempore aliquid nemo. Iusto in doloremque voluptatem aliquam sit qui voluptatem necessitatibus. Quia dolorem ducimus suscipit.','2002-02-11 03:48:27'),
('90','90','90','Voluptas consequuntur maiores ea totam ea aut ut labore. Tempora architecto rem ab et harum ut labore exercitationem. Vero et voluptatem libero quos sequi. Rerum itaque sunt odio.','1993-04-11 18:42:45'),
('91','91','91','Architecto repudiandae fuga sapiente. Repudiandae maiores id numquam est consectetur assumenda debitis. Voluptas id aut nemo ratione expedita est quia. Est quas pariatur consectetur sit quo id natus.','1992-12-27 08:13:55'),
('92','92','92','Deserunt nisi quam odio expedita. Nesciunt quo culpa fugiat aliquam magni vero esse. Quae quidem assumenda qui doloribus nostrum minus.','1990-09-13 20:54:47'),
('93','93','93','Saepe et nihil vel vel. Sint nostrum alias quasi et est impedit. At voluptatibus consequatur et cumque architecto laudantium sit. Corporis dolores est expedita.','1977-03-21 15:58:57'),
('94','94','94','Non doloribus facere voluptatum vitae. Ea porro ut ut nulla quis sed rem. Non sint pariatur ducimus omnis.','1988-01-28 13:14:57'),
('95','95','95','Unde sed deleniti non dolore aut dicta. Illum libero voluptas placeat sequi placeat. Molestiae reprehenderit id vel voluptatem ducimus culpa. Omnis perspiciatis blanditiis ea et excepturi.','1974-12-24 17:45:40'),
('96','96','96','Laborum consequatur magnam officiis voluptatibus repellendus illo vero commodi. Ea est voluptatibus ut quia est totam. Natus quaerat animi sapiente aut autem enim. Veniam quo inventore saepe velit quia voluptas.','2018-08-30 06:52:15'),
('97','97','97','Dolores beatae nam dignissimos maxime recusandae earum est. Optio libero ea pariatur libero quia quis. Aut tempora qui recusandae quo distinctio. Tempora amet quisquam illum.','2016-04-06 07:51:12'),
('98','98','98','Blanditiis magnam sint qui consectetur ea dolorem. Inventore vel rerum nobis esse possimus totam qui. Delectus quo doloremque minima qui iusto suscipit.','2016-11-18 16:24:24'),
('99','99','99','Dolores ullam explicabo molestias qui quibusdam dicta. Pariatur et omnis tempore similique voluptatum amet. Debitis tempora sit voluptatem. Sapiente eligendi autem facere doloribus culpa ut reprehenderit.','1972-05-29 06:46:58'),
('100','100','100','Id sit culpa et beatae vero et. Illum et sed tempore veritatis hic. Culpa natus quia omnis hic.','1973-03-23 14:16:30'); 


DROP TABLE IF EXISTS `photo_albums`;
CREATE TABLE `photo_albums` (
  `id` bigint(20) unsigned NOT NULL AUTO_INCREMENT,
  `name` varchar(200) COLLATE utf8_unicode_ci DEFAULT NULL,
  `user_id` bigint(20) unsigned NOT NULL,
  PRIMARY KEY (`id`),
  UNIQUE KEY `id` (`id`),
  KEY `user_id` (`user_id`),
  CONSTRAINT `photo_albums_ibfk_1` FOREIGN KEY (`user_id`) REFERENCES `users` (`id`)
) ENGINE=InnoDB AUTO_INCREMENT=101 DEFAULT CHARSET=utf8 COLLATE=utf8_unicode_ci;

INSERT INTO `photo_albums` VALUES ('1','esse','1'),
('2','ipsam','2'),
('3','quisquam','3'),
('4','debitis','4'),
('5','dolor','5'),
('6','dignissimos','6'),
('7','dolorem','7'),
('8','qui','8'),
('9','sequi','9'),
('10','quia','10'),
('11','enim','11'),
('12','expedita','12'),
('13','minus','13'),
('14','iure','14'),
('15','iste','15'),
('16','expedita','16'),
('17','doloremque','17'),
('18','illum','18'),
('19','fugiat','19'),
('20','ab','20'),
('21','officiis','21'),
('22','tenetur','22'),
('23','neque','23'),
('24','reprehenderit','24'),
('25','est','25'),
('26','aut','26'),
('27','qui','27'),
('28','officiis','28'),
('29','quia','29'),
('30','in','30'),
('31','consequatur','31'),
('32','voluptas','32'),
('33','ut','33'),
('34','sed','34'),
('35','autem','35'),
('36','sint','36'),
('37','non','37'),
('38','molestiae','38'),
('39','corrupti','39'),
('40','error','40'),
('41','odit','41'),
('42','ab','42'),
('43','consectetur','43'),
('44','minima','44'),
('45','culpa','45'),
('46','nesciunt','46'),
('47','voluptatibus','47'),
('48','aut','48'),
('49','deleniti','49'),
('50','natus','50'),
('51','qui','51'),
('52','inventore','52'),
('53','quod','53'),
('54','quia','54'),
('55','libero','55'),
('56','inventore','56'),
('57','fugiat','57'),
('58','deleniti','58'),
('59','nobis','59'),
('60','optio','60'),
('61','laboriosam','61'),
('62','repellendus','62'),
('63','iure','63'),
('64','at','64'),
('65','molestias','65'),
('66','quibusdam','66'),
('67','dolor','67'),
('68','nobis','68'),
('69','fugiat','69'),
('70','deserunt','70'),
('71','voluptatem','71'),
('72','molestiae','72'),
('73','soluta','73'),
('74','rerum','74'),
('75','quaerat','75'),
('76','minus','76'),
('77','provident','77'),
('78','iure','78'),
('79','officiis','79'),
('80','provident','80'),
('81','dolore','81'),
('82','voluptatem','82'),
('83','quod','83'),
('84','ratione','84'),
('85','in','85'),
('86','neque','86'),
('87','occaecati','87'),
('88','temporibus','88'),
('89','accusantium','89'),
('90','hic','90'),
('91','natus','91'),
('92','fugiat','92'),
('93','quia','93'),
('94','repudiandae','94'),
('95','ducimus','95'),
('96','accusamus','96'),
('97','quis','97'),
('98','sunt','98'),
('99','libero','99'),
('100','quam','100'); 


DROP TABLE IF EXISTS `photos`;
CREATE TABLE `photos` (
  `id` bigint(20) unsigned NOT NULL AUTO_INCREMENT,
  `album_id` bigint(20) unsigned DEFAULT NULL,
  `media_id` bigint(20) unsigned DEFAULT NULL,
  PRIMARY KEY (`id`),
  UNIQUE KEY `id` (`id`),
  KEY `album_id` (`album_id`),
  KEY `media_id` (`media_id`),
  CONSTRAINT `photos_ibfk_1` FOREIGN KEY (`album_id`) REFERENCES `photo_albums` (`id`),
  CONSTRAINT `photos_ibfk_2` FOREIGN KEY (`media_id`) REFERENCES `media` (`id`)
) ENGINE=InnoDB AUTO_INCREMENT=101 DEFAULT CHARSET=utf8 COLLATE=utf8_unicode_ci;

INSERT INTO `photos` VALUES ('1','1','1'),
('2','2','2'),
('3','3','3'),
('4','4','4'),
('5','5','5'),
('6','6','6'),
('7','7','7'),
('8','8','8'),
('9','9','9'),
('10','10','10'),
('11','11','11'),
('12','12','12'),
('13','13','13'),
('14','14','14'),
('15','15','15'),
('16','16','16'),
('17','17','17'),
('18','18','18'),
('19','19','19'),
('20','20','20'),
('21','21','21'),
('22','22','22'),
('23','23','23'),
('24','24','24'),
('25','25','25'),
('26','26','26'),
('27','27','27'),
('28','28','28'),
('29','29','29'),
('30','30','30'),
('31','31','31'),
('32','32','32'),
('33','33','33'),
('34','34','34'),
('35','35','35'),
('36','36','36'),
('37','37','37'),
('38','38','38'),
('39','39','39'),
('40','40','40'),
('41','41','41'),
('42','42','42'),
('43','43','43'),
('44','44','44'),
('45','45','45'),
('46','46','46'),
('47','47','47'),
('48','48','48'),
('49','49','49'),
('50','50','50'),
('51','51','51'),
('52','52','52'),
('53','53','53'),
('54','54','54'),
('55','55','55'),
('56','56','56'),
('57','57','57'),
('58','58','58'),
('59','59','59'),
('60','60','60'),
('61','61','61'),
('62','62','62'),
('63','63','63'),
('64','64','64'),
('65','65','65'),
('66','66','66'),
('67','67','67'),
('68','68','68'),
('69','69','69'),
('70','70','70'),
('71','71','71'),
('72','72','72'),
('73','73','73'),
('74','74','74'),
('75','75','75'),
('76','76','76'),
('77','77','77'),
('78','78','78'),
('79','79','79'),
('80','80','80'),
('81','81','81'),
('82','82','82'),
('83','83','83'),
('84','84','84'),
('85','85','85'),
('86','86','86'),
('87','87','87'),
('88','88','88'),
('89','89','89'),
('90','90','90'),
('91','91','91'),
('92','92','92'),
('93','93','93'),
('94','94','94'),
('95','95','95'),
('96','96','96'),
('97','97','97'),
('98','98','98'),
('99','99','99'),
('100','100','100'); 


DROP TABLE IF EXISTS `profiles`;
CREATE TABLE `profiles` (
  `user_id` bigint(20) unsigned NOT NULL AUTO_INCREMENT,
  `gender` char(1) COLLATE utf8_unicode_ci DEFAULT NULL,
  `birthday` date DEFAULT NULL,
  `photo_id` bigint(20) unsigned DEFAULT NULL,
  `hometown` varchar(100) COLLATE utf8_unicode_ci DEFAULT NULL,
  `created_at` datetime DEFAULT current_timestamp(),
  PRIMARY KEY (`user_id`),
  CONSTRAINT `fk_user_id` FOREIGN KEY (`user_id`) REFERENCES `users` (`id`) ON DELETE NO ACTION ON UPDATE CASCADE
) ENGINE=InnoDB AUTO_INCREMENT=101 DEFAULT CHARSET=utf8 COLLATE=utf8_unicode_ci;

INSERT INTO `profiles` VALUES ('1',NULL,'1994-07-18','1',NULL,'2003-09-14 11:57:35'),
('2',NULL,'1980-01-02','2',NULL,'1991-09-18 03:06:01'),
('3',NULL,'1974-12-01','3',NULL,'1992-10-04 12:07:40'),
('4',NULL,'1995-05-12','4',NULL,'2007-07-26 10:07:47'),
('5',NULL,'1993-02-21','5',NULL,'1984-04-17 00:32:19'),
('6',NULL,'1978-01-30','6',NULL,'2019-06-03 22:23:05'),
('7',NULL,'1977-05-25','7',NULL,'1984-08-06 22:44:55'),
('8',NULL,'1985-04-16','8',NULL,'1996-04-18 04:09:10'),
('9',NULL,'2013-11-12','9',NULL,'1987-05-14 21:48:16'),
('10',NULL,'1991-03-20','10',NULL,'2005-08-16 07:57:22'),
('11',NULL,'1982-07-29','11',NULL,'1973-07-04 16:01:05'),
('12',NULL,'1974-07-31','12',NULL,'1970-04-30 21:53:04'),
('13',NULL,'1980-04-09','13',NULL,'1989-09-09 12:04:40'),
('14',NULL,'1990-09-06','14',NULL,'1999-09-12 16:34:28'),
('15',NULL,'1978-07-26','15',NULL,'1987-11-29 06:00:21'),
('16',NULL,'1985-02-12','16',NULL,'1971-07-19 19:44:20'),
('17',NULL,'2008-11-12','17',NULL,'1991-04-09 19:34:56'),
('18',NULL,'1974-08-08','18',NULL,'1972-07-16 11:19:32'),
('19',NULL,'2015-05-27','19',NULL,'1998-08-26 18:33:40'),
('20',NULL,'1994-03-31','20',NULL,'2008-10-08 17:50:36'),
('21',NULL,'1979-05-06','21',NULL,'1973-08-28 09:52:44'),
('22',NULL,'2016-06-18','22',NULL,'1991-05-31 09:25:26'),
('23',NULL,'1996-10-03','23',NULL,'2004-06-26 21:35:36'),
('24',NULL,'2008-03-16','24',NULL,'1993-08-19 01:09:18'),
('25',NULL,'2014-04-13','25',NULL,'1979-08-29 22:21:21'),
('26',NULL,'1974-03-06','26',NULL,'2014-12-10 19:27:13'),
('27',NULL,'1988-01-14','27',NULL,'1982-11-29 00:59:34'),
('28',NULL,'2003-05-13','28',NULL,'1997-05-21 21:28:41'),
('29',NULL,'2019-05-01','29',NULL,'2013-09-23 17:13:36'),
('30',NULL,'1975-11-05','30',NULL,'1972-05-26 00:23:47'),
('31',NULL,'1999-11-23','31',NULL,'1993-08-10 12:26:06'),
('32',NULL,'1998-12-01','32',NULL,'1999-05-02 22:02:55'),
('33',NULL,'2014-12-15','33',NULL,'1973-11-20 17:20:49'),
('34',NULL,'2008-05-31','34',NULL,'2012-03-05 16:38:50'),
('35',NULL,'1981-06-13','35',NULL,'1988-06-03 03:45:00'),
('36',NULL,'1978-05-14','36',NULL,'1989-01-14 15:53:21'),
('37',NULL,'2013-06-10','37',NULL,'1975-10-30 11:26:59'),
('38',NULL,'2004-03-10','38',NULL,'1976-12-12 03:22:58'),
('39',NULL,'1980-10-07','39',NULL,'1987-05-05 06:24:28'),
('40',NULL,'2012-07-06','40',NULL,'2015-08-11 04:23:29'),
('41',NULL,'1980-06-02','41',NULL,'2015-04-24 06:23:53'),
('42',NULL,'2017-09-15','42',NULL,'1987-03-02 23:43:06'),
('43',NULL,'2018-07-01','43',NULL,'1971-12-02 05:06:04'),
('44',NULL,'1974-12-25','44',NULL,'1984-10-12 16:01:09'),
('45',NULL,'2004-07-28','45',NULL,'2018-02-08 17:15:18'),
('46',NULL,'2015-06-11','46',NULL,'2002-10-22 07:57:42'),
('47',NULL,'2003-12-07','47',NULL,'2014-08-22 01:40:52'),
('48',NULL,'2004-12-01','48',NULL,'1972-12-06 23:52:26'),
('49',NULL,'2013-06-02','49',NULL,'1992-07-31 04:22:23'),
('50',NULL,'2001-08-15','50',NULL,'2005-09-29 00:52:44'),
('51',NULL,'1991-03-13','51',NULL,'2015-07-05 04:09:21'),
('52',NULL,'2001-05-16','52',NULL,'2009-04-29 14:16:54'),
('53',NULL,'1997-11-06','53',NULL,'1972-02-05 02:43:15'),
('54',NULL,'2004-05-20','54',NULL,'1977-03-04 21:46:53'),
('55',NULL,'1978-03-14','55',NULL,'2000-11-27 05:12:25'),
('56',NULL,'2004-06-20','56',NULL,'1979-07-16 23:09:49'),
('57',NULL,'1995-02-22','57',NULL,'1997-08-28 22:37:32'),
('58',NULL,'1992-05-23','58',NULL,'2006-01-24 19:12:05'),
('59',NULL,'2014-03-02','59',NULL,'2005-05-02 12:00:09'),
('60',NULL,'2015-08-18','60',NULL,'1987-02-06 10:13:57'),
('61',NULL,'1974-09-10','61',NULL,'2005-08-30 19:47:23'),
('62',NULL,'1982-03-06','62',NULL,'1987-10-06 13:48:10'),
('63',NULL,'2009-12-11','63',NULL,'1998-12-14 00:02:30'),
('64',NULL,'1986-03-26','64',NULL,'1985-11-22 21:27:26'),
('65',NULL,'1987-04-13','65',NULL,'2017-06-26 07:03:01'),
('66',NULL,'2003-09-26','66',NULL,'2012-05-10 01:26:36'),
('67',NULL,'1984-01-10','67',NULL,'1979-01-08 15:50:21'),
('68',NULL,'2010-12-03','68',NULL,'1985-03-27 17:31:51'),
('69',NULL,'2008-06-27','69',NULL,'1971-08-25 21:15:38'),
('70',NULL,'1996-12-10','70',NULL,'1973-02-01 22:58:30'),
('71',NULL,'1979-06-12','71',NULL,'2007-09-03 04:55:04'),
('72',NULL,'1988-06-07','72',NULL,'1988-11-08 16:15:59'),
('73',NULL,'1989-03-11','73',NULL,'1998-02-02 15:47:47'),
('74',NULL,'1976-02-05','74',NULL,'2016-09-10 23:31:32'),
('75',NULL,'2001-04-30','75',NULL,'2007-01-03 21:41:58'),
('76',NULL,'2006-10-07','76',NULL,'2014-05-11 23:42:51'),
('77',NULL,'1985-12-26','77',NULL,'2009-01-04 22:25:37'),
('78',NULL,'1977-02-25','78',NULL,'1975-04-15 06:49:42'),
('79',NULL,'1981-04-09','79',NULL,'2000-09-06 08:27:47'),
('80',NULL,'1985-08-16','80',NULL,'1972-09-29 03:33:11'),
('81',NULL,'1987-06-16','81',NULL,'2008-01-13 05:04:26'),
('82',NULL,'2003-02-25','82',NULL,'2012-12-01 17:22:44'),
('83',NULL,'1980-01-01','83',NULL,'2001-06-21 17:51:30'),
('84',NULL,'2010-10-17','84',NULL,'1974-01-29 16:04:10'),
('85',NULL,'1986-08-28','85',NULL,'2003-06-20 05:26:54'),
('86',NULL,'2007-10-20','86',NULL,'2017-10-15 12:33:38'),
('87',NULL,'2009-08-16','87',NULL,'1980-07-18 00:20:04'),
('88',NULL,'2003-07-06','88',NULL,'2014-02-03 20:13:35'),
('89',NULL,'1984-10-28','89',NULL,'1996-09-19 06:14:06'),
('90',NULL,'1998-11-07','90',NULL,'2010-05-08 03:44:53'),
('91',NULL,'1997-02-21','91',NULL,'1995-09-02 12:23:35'),
('92',NULL,'2010-07-03','92',NULL,'1992-11-13 23:03:50'),
('93',NULL,'2003-12-20','93',NULL,'2018-08-23 01:12:02'),
('94',NULL,'2004-08-22','94',NULL,'1981-12-07 04:43:35'),
('95',NULL,'1988-04-30','95',NULL,'1973-02-28 06:23:34'),
('96',NULL,'2015-05-30','96',NULL,'1988-02-22 08:35:09'),
('97',NULL,'1971-05-31','97',NULL,'1995-06-16 00:22:50'),
('98',NULL,'2014-11-13','98',NULL,'1989-09-21 07:01:21'),
('99',NULL,'2010-11-30','99',NULL,'2016-04-24 11:47:58'),
('100',NULL,'1991-09-28','100',NULL,'2003-08-27 00:04:55'); 


DROP TABLE IF EXISTS `users`;
CREATE TABLE `users` (
  `id` bigint(20) unsigned NOT NULL AUTO_INCREMENT,
  `firstname` varchar(100) COLLATE utf8_unicode_ci DEFAULT NULL,
  `lastname` varchar(100) COLLATE utf8_unicode_ci DEFAULT NULL,
  `email` varchar(100) COLLATE utf8_unicode_ci DEFAULT NULL,
  `password_hash` varchar(100) COLLATE utf8_unicode_ci DEFAULT NULL,
  `phone` varchar(12) COLLATE utf8_unicode_ci DEFAULT NULL,
  PRIMARY KEY (`id`),
  UNIQUE KEY `email` (`email`),
  KEY `users_phone_idx` (`phone`),
  KEY `firstname` (`firstname`,`lastname`)
) ENGINE=InnoDB AUTO_INCREMENT=101 DEFAULT CHARSET=utf8 COLLATE=utf8_unicode_ci;

INSERT INTO `users` VALUES ('1','Ramiro','Schroeder','lisa.sauer@example.net','971d2b8c0b26f1070d800336e454243e9b5c5980','(787)286-251'),
('2','Bret','Bechtelar','jenifer.smith@example.org','8d8d5970bb0c01962be91a1df4383eb02e64cecf','(726)664-924'),
('3','Lamar','Kovacek','dillon38@example.org','b88dbc8aa8c38493e0fb6f670f948235a9cd04bc','+01(1)329987'),
('4','Gail','Shields','davon03@example.com','c43364fb440dd4f44f46276781586aad065fc670','+72(1)022392'),
('5','Francesca','Reichert','donnie.hodkiewicz@example.com','78adbd41a08deb1fe123ca9a40106c25a96d3dc7','1-252-510-96'),
('6','Halle','Thiel','erin00@example.com','c7607d55fa2d905f3201e3c9b12ef1c26c902edd','1-554-958-11'),
('7','Kendra','Torp','colt.wilkinson@example.net','8560bef28a32462c632ee41e7980e009a67445b6','596.258.6789'),
('8','Viola','Parker','weston75@example.net','bd40548ee94ae09c2338d0d00f12f7791117ae02','+81(6)770904'),
('9','Lexi','Medhurst','earlene55@example.net','8e1578021304201e932407acf92d227cc613b742','350.986.3402'),
('10','Chaya','Haley','frank.schamberger@example.org','2401fba5b0e6919ecb8304662ece2a116d2105a8','09755464207'),
('11','Dortha','Ryan','terry.albin@example.org','f4793cd063b25e391d6e9392a810c6d427c0b5d5','1-589-301-13'),
('12','Mitchell','Hackett','casimer.hauck@example.org','5131320432688ce85332150a00325c1ca7f54912','1-889-310-39'),
('13','Maud','Farrell','sbatz@example.net','a8588e04c1079676935b097fef5078ee4ee89e0f','1-537-157-34'),
('14','Talia','Langworth','abigayle.franecki@example.org','5c833aca47fc2ab50852047f7aead2848bd4a5e8','1-015-229-07'),
('15','Gerson','Kerluke','veum.brock@example.com','7994026c1e4e802ed6eb09822bb7209ca0d4a82f','485-519-0803'),
('16','Rocio','Johnston','lang.andreanne@example.com','9be3b895d641061ca78500fd35665c068e090d71','572-835-2327'),
('17','Aubree','Hills','botsford.betsy@example.net','809b60417ae2b2aba5bb51f079ead3722a118f6c','021-113-3628'),
('18','Grant','Purdy','sammie.rice@example.net','151ed35b983b7c701588f0152845bf90c9bbc44b','188-673-4812'),
('19','Flavie','Vandervort','dare.caesar@example.net','b17f930fa6863529efc86953fa302941419328dc','302-544-4574'),
('20','Leonardo','Wintheiser','winifred.kutch@example.com','dc2c92bc3cf5578915d709fecad3f418f3f13e9f','+20(6)819990'),
('21','Burley','Zboncak','unader@example.org','56302abacf371b3090f7e7c56d82520cc378087c','178-282-8003'),
('22','Orlo','Schaden','fframi@example.net','f939bdf14564c06930659291fc2f6a7437853014','824-120-4577'),
('23','Darien','Hane','ybailey@example.net','84ddecbba9511add51b876706c5cf60cd5675cce','436-355-2105'),
('24','Emilio','Kunze','mattie31@example.org','617df19e267753f71706e32337539f13c9031208','1-797-631-73'),
('25','Clair','Deckow','zsanford@example.com','55642c62b098a0a702bd671f474560d368e8e3a8','964.332.2157'),
('26','Octavia','Shields','ojohnston@example.org','fffb4eb2518bad7d26386f08fa027e1cca9628f0','996-508-2416'),
('27','Madge','Willms','hilbert83@example.org','26a6f6eb20d4d03c0b3c3aa047bdb3544ddbde0a','(682)556-980'),
('28','Osvaldo','Tillman','ssmitham@example.org','5921999673afb3d1290b78d266a9e67f6e3e7959','259.080.4004'),
('29','Walter','Schaefer','joany69@example.net','a6acd5fdde86fded21c0d0683c890d0bedf39149','(826)135-419'),
('30','Danyka','Jast','bernadette95@example.net','9a155922d53e40d08d4d88e4515488f81a7bd4ea','1-984-493-89'),
('31','Brent','Frami','agustina31@example.org','0598609fd29791f2314b5f992d7281aa2c31b9b7','+69(8)013405'),
('32','Garrett','Kub','juston63@example.com','92671ad916d455d8112cfa3a5dc6880a7048f489','1-730-498-89'),
('33','Pablo','Wehner','ida.jacobs@example.org','a6779def3ee3264a2d924185b3feed6a5b909527','+04(7)329653'),
('34','Jeffry','Stehr','juliet.heidenreich@example.com','15817a2a9513033f0eca95d5965f4386462b5087','218-261-0955'),
('35','Juston','Gleason','orempel@example.com','44f8463b3f13d027b91feabde5eb4eaf075e44b6','329-887-4394'),
('36','Joey','Denesik','cordell51@example.org','fcdbce620f357781732a6fc7721141f6be011f94','(786)538-250'),
('37','Mekhi','Greenholt','mikayla46@example.net','78e6fa69da1767b917943e8d9c9c6a7b01ccee25','(826)434-303'),
('38','Magnus','Schinner','ulices33@example.net','6c330e2aa0a57e2d2548552792395084c0a7d811','(242)529-238'),
('39','Tad','Mohr','graham.evie@example.com','e3a85e07eccccdb1a5471b74d5a017005076cffc','(357)565-297'),
('40','Katharina','Kirlin','akoelpin@example.com','46a0b4d229d787aeb56c5fe0f7d13e06aa0bd4ec','1-350-248-43'),
('41','Antonia','Stark','ian76@example.com','26a1fea57fdfa080bcef252df3cbc3775978b239','1-963-167-50'),
('42','Charlotte','Kling','ubarton@example.com','83bd2862231db04fa9ebac9d13301a995af7d132','(222)305-347'),
('43','Kenyatta','Pagac','schaefer.patrick@example.net','96584cdb30e231a1cc8745b447caeb21af96e155','765.727.6275'),
('44','Leonor','Mitchell','alex.bruen@example.org','90e0eeb402074387ff3dbe536797fae3914ff934','1-044-093-62'),
('45','Jedidiah','Gerhold','beulah.padberg@example.net','d8c8fe10903ccdf70bc8bf81fe111467daa0ae85','07488655044'),
('46','Krystal','Lindgren','danny.carter@example.org','09855f8428ebbf6d04bf27ae395899258bda2844','(928)711-871'),
('47','Matilda','Hermiston','turcotte.charlene@example.net','b707355ba19068f0f3899ea2dc99d7d448553e46','048.673.7716'),
('48','Verner','Schuster','gardner56@example.net','aa00213a82f736a3f2898d45a1e21b1c8e93c40c','777.715.5506'),
('49','Dorris','Bednar','ahmad34@example.com','996ce4aa7e77b5210d709c75a6aeb4c65f9e4daf','698.864.7698'),
('50','Allen','Oberbrunner','yundt.jaclyn@example.org','4ed5fdd6624fb28bec133dd4eabb37f177942014','506-182-0146'),
('51','Richmond','Parker','thintz@example.net','d5797443d4572b05877ecbb31cac0e0e96874272','870-246-3310'),
('52','Faustino','Kerluke','oklocko@example.net','7ac8aa1556a1720b7d9bc56313682341b1887b93','1-205-127-76'),
('53','Corene','Hartmann','keon.nader@example.net','186bca92bba34bd940c93fa46defd7f8cc6c6c93','388-111-4367'),
('54','Nikko','Weissnat','adolf.gislason@example.com','deda6151578a27c362e6c194120dd09582c75517','656-568-0909'),
('55','Litzy','Hyatt','ryann.schuppe@example.org','e2cb8dad8949c5e655c6119f368f461a2edcb077','1-626-994-43'),
('56','Oliver','Armstrong','ressie14@example.org','0816de4c7c8f9ff767f372b0b489c2b5423b646f','1-377-984-97'),
('57','Jody','Morar','lconroy@example.com','990f89f8cd4451c1d610700149cc2fe2167eed5e','297-523-3853'),
('58','Leanne','Prohaska','tweimann@example.net','18f6e44250fc3d13362cda92f485f5e6ef5236b7','(613)416-892'),
('59','Raoul','Hegmann','rcarroll@example.net','18921a66bdbb1d9a43cfa82e77a52663ee55c1bb','522.459.9515'),
('60','Willard','Kuphal','lind.ryder@example.com','b6e53244fbd484cf87ab8e71d0de4e4ee409e44f','1-297-583-55'),
('61','Elenor','Homenick','wberge@example.net','67c3b23e89503f074b9645daaa81c15574d2ddb7','+27(9)334462'),
('62','Joelle','Goldner','will.virginia@example.org','da8543505455f2f192d1989eaad1b872559977e2','06522928735'),
('63','Rusty','Gleichner','karli.heathcote@example.org','62d89829774d2047889739ef55a627972a52d186','1-038-116-60'),
('64','Daniela','Schneider','marcos10@example.org','340cfb0988ee5702ab5c54c28e959f4f53932433','1-752-336-40'),
('65','Royal','Zboncak','destini.zboncak@example.org','1c8900cbecc670979fad0bd9819e3951b83ae2a4','759.195.9585'),
('66','Mayra','Kreiger','freddy.schaefer@example.net','c76fc2ab084ddbef347fe189ddc7451b8ba66ccd','303.533.0768'),
('67','Skye','Langosh','genoveva40@example.com','ca638876e6fb963b408f472ddfa63c252e73ad69','440.496.8420'),
('68','Carroll','Lynch','dmitchell@example.com','380c6cd06433e51aceefc27a340a3e60eef0f4fd','(585)751-424'),
('69','Lempi','Orn','lemuel11@example.net','2c39107016e02191bc2bff7056a2818b6465d846','(006)299-637'),
('70','Ivory','Labadie','justen70@example.com','44ee134d35e1d844b627051d63ac481a9ca38cf8','708.354.3076'),
('71','Caden','Walker','beatty.kirstin@example.org','34087de54d7d085617a57c95d7b1b01df0a7de85','1-756-285-06'),
('72','Bailee','McKenzie','zella40@example.com','a4ef9caacbab52eb0ef8a53910146c90b8c6974d','1-465-770-56'),
('73','Rafael','Mills','vilma41@example.net','af0519c0c600451e30d9d2bf655c4b9bea51c21c','291.673.5899'),
('74','Mabel','Schiller','rashawn29@example.net','de2dc8e6085a8cab3356e28229a5a8c23aa84607','1-905-972-68'),
('75','Kaci','Hansen','orn.kaylah@example.com','3a9cead31c4fc50674e9c5ac7c61cb5591c0b9d6','(251)749-345'),
('76','Orrin','Hoeger','gmiller@example.com','80f6a0efc0b24976c9e0a726ce03497c3d1c181a','323.150.0240'),
('77','Mina','Grady','ngaylord@example.org','6da0f5b465fbe7f720db0e5162463c9d421a5066','559-533-6099'),
('78','Rhiannon','Torphy','ted94@example.org','f752523348fc2fb275637b7bbff057d7dc782120','1-800-718-46'),
('79','Dorothea','Herman','allene.daugherty@example.com','47c2000958b85cf02ccb8aa8f702a2200bb7d1a5','799-666-2600'),
('80','Dayton','Lubowitz','abdullah.smitham@example.net','8de599f26286f904cd2f0810d84b1c1194e9732d','1-262-272-67'),
('81','Quentin','Rau','ndurgan@example.org','a4993367b10e894372364824d9dcde876484f634','122-997-5649'),
('82','Minerva','Pfannerstill','diamond31@example.org','73b22e7396f86cc3f2c841995b869fb972b91644','(125)912-411'),
('83','Herbert','Conn','alvah35@example.com','2e9cca013894672732dc78a521ee25f88d442273','169-952-0765'),
('84','Victoria','Baumbach','loren32@example.com','d642932b85d1df7a07b82d0cecf4e8388eb3259e','1-647-963-71'),
('85','Margarette','Altenwerth','afton.balistreri@example.net','cf8acdb34cfb63e3203b14d6fa08af15519ebf60','1-759-242-85'),
('86','Dulce','Schmidt','fay.hazel@example.org','3ee42fba78774a33f46bafb197f36ed72da5fd75','1-686-610-48'),
('87','Keagan','Lang','reina.green@example.org','91f575868779b1e3092ddcf1f1fd9add462ad72a','955.885.2937'),
('88','Fritz','Deckow','karen43@example.org','c64fb696b1e645166e13c6fa73002d849a9e3205','419-746-9250'),
('89','Adaline','Doyle','lang.lorenzo@example.net','2d254a715995b136781f5832601cf0dead37d6c3','09697464216'),
('90','Damion','Schulist','lenna18@example.net','d1d8e2b0acde9f9e4c7700ec91480953c897fffb','03962335882'),
('91','Martin','Schumm','hbalistreri@example.org','727415bc19d9b538206e388036770f0a0404da6d','03626143572'),
('92','Javon','Turcotte','augustine93@example.net','3d0cf0403bbc829edf2588d3c637bd9c474300bc','1-133-251-05'),
('93','Dion','Lehner','jannie38@example.org','903681366a3a329bafb84f1206481a9403fd9d30','241.674.5295'),
('94','Augustus','Funk','bradly.rutherford@example.net','dade4740f2c0b3e2466756621dc7c6fb3b334b37','1-449-214-39'),
('95','Archibald','Boyle','waters.lemuel@example.net','54ee75a3f8e30e118e30925bf3dd376e4a896fcf','514-522-1883'),
('96','Ada','Gutkowski','xtowne@example.org','f79797281ef0d6df0c58c49422e8879900f0d483','342.828.9270'),
('97','Sandra','Hamill','cremin.oswald@example.net','c3ec9f33d37eb7367faca424f35a395c6417f81a','336-131-0988'),
('98','Marquis','Fritsch','vita.dubuque@example.org','890ea0ca651b9c6a388be0ed894510b4abca3aba','729-368-7309'),
('99','Alessia','Smith','cormier.solon@example.net','f4a0488338371687894a88eef6ed09c1947e62e9','1-191-408-55'),
('100','Kaylah','Wiegand','d\'amore.mateo@example.org','821a5874300f465a899960deb31df1a4a1500f77','(826)934-270'); 


DROP TABLE IF EXISTS `users_communities`;
CREATE TABLE `users_communities` (
  `user_id` bigint(20) unsigned NOT NULL,
  `community_id` bigint(20) unsigned NOT NULL,
  PRIMARY KEY (`user_id`,`community_id`),
  KEY `community_id` (`community_id`),
  CONSTRAINT `users_communities_ibfk_1` FOREIGN KEY (`user_id`) REFERENCES `users` (`id`),
  CONSTRAINT `users_communities_ibfk_2` FOREIGN KEY (`community_id`) REFERENCES `communities` (`id`)
) ENGINE=InnoDB DEFAULT CHARSET=utf8 COLLATE=utf8_unicode_ci;

INSERT INTO `users_communities` VALUES ('1','1'),
('2','2'),
('3','3'),
('4','4'),
('5','5'),
('6','6'),
('7','7'),
('8','8'),
('9','9'),
('10','10'),
('11','11'),
('12','12'),
('13','13'),
('14','14'),
('15','15'),
('16','16'),
('17','17'),
('18','18'),
('19','19'),
('20','20'),
('21','21'),
('22','22'),
('23','23'),
('24','24'),
('25','25'),
('26','26'),
('27','27'),
('28','28'),
('29','29'),
('30','30'),
('31','31'),
('32','32'),
('33','33'),
('34','34'),
('35','35'),
('36','36'),
('37','37'),
('38','38'),
('39','39'),
('40','40'),
('41','41'),
('42','42'),
('43','43'),
('44','44'),
('45','45'),
('46','46'),
('47','47'),
('48','48'),
('49','49'),
('50','50'),
('51','51'),
('52','52'),
('53','53'),
('54','54'),
('55','55'),
('56','56'),
('57','57'),
('58','58'),
('59','59'),
('60','60'),
('61','61'),
('62','62'),
('63','63'),
('64','64'),
('65','65'),
('66','66'),
('67','67'),
('68','68'),
('69','69'),
('70','70'),
('71','71'),
('72','72'),
('73','73'),
('74','74'),
('75','75'),
('76','76'),
('77','77'),
('78','78'),
('79','79'),
('80','80'),
('81','81'),
('82','82'),
('83','83'),
('84','84'),
('85','85'),
('86','86'),
('87','87'),
('88','88'),
('89','89'),
('90','90'),
('91','91'),
('92','92'),
('93','93'),
('94','94'),
('95','95'),
('96','96'),
('97','97'),
('98','98'),
('99','99'),
('100','100'); 


DROP TABLE IF EXISTS `video_albums`;
CREATE TABLE `video_albums` (
  `id` bigint(20) unsigned NOT NULL AUTO_INCREMENT,
  `name` varchar(200) COLLATE utf8_unicode_ci DEFAULT NULL,
  `user_id` bigint(20) unsigned NOT NULL,
  PRIMARY KEY (`id`),
  UNIQUE KEY `id` (`id`),
  KEY `user_id` (`user_id`),
  CONSTRAINT `video_albums_ibfk_1` FOREIGN KEY (`user_id`) REFERENCES `users` (`id`)
) ENGINE=InnoDB AUTO_INCREMENT=101 DEFAULT CHARSET=utf8 COLLATE=utf8_unicode_ci;

INSERT INTO `video_albums` VALUES ('1','doloremque','1'),
('2','non','2'),
('3','rerum','3'),
('4','quis','4'),
('5','aut','5'),
('6','perferendis','6'),
('7','similique','7'),
('8','aliquid','8'),
('9','enim','9'),
('10','non','10'),
('11','cupiditate','11'),
('12','iusto','12'),
('13','quo','13'),
('14','voluptas','14'),
('15','unde','15'),
('16','omnis','16'),
('17','est','17'),
('18','est','18'),
('19','sunt','19'),
('20','ratione','20'),
('21','animi','21'),
('22','adipisci','22'),
('23','quia','23'),
('24','maxime','24'),
('25','atque','25'),
('26','nobis','26'),
('27','sunt','27'),
('28','possimus','28'),
('29','et','29'),
('30','quia','30'),
('31','dolore','31'),
('32','soluta','32'),
('33','quam','33'),
('34','assumenda','34'),
('35','officiis','35'),
('36','dolorem','36'),
('37','qui','37'),
('38','consectetur','38'),
('39','necessitatibus','39'),
('40','quos','40'),
('41','magni','41'),
('42','ad','42'),
('43','officia','43'),
('44','aliquid','44'),
('45','culpa','45'),
('46','nesciunt','46'),
('47','magnam','47'),
('48','deleniti','48'),
('49','dolore','49'),
('50','tenetur','50'),
('51','sit','51'),
('52','est','52'),
('53','rem','53'),
('54','quo','54'),
('55','quas','55'),
('56','officiis','56'),
('57','cumque','57'),
('58','consequuntur','58'),
('59','rerum','59'),
('60','hic','60'),
('61','tempora','61'),
('62','dicta','62'),
('63','et','63'),
('64','voluptas','64'),
('65','dolorem','65'),
('66','quod','66'),
('67','perspiciatis','67'),
('68','ab','68'),
('69','enim','69'),
('70','necessitatibus','70'),
('71','suscipit','71'),
('72','quaerat','72'),
('73','architecto','73'),
('74','et','74'),
('75','cumque','75'),
('76','in','76'),
('77','libero','77'),
('78','nisi','78'),
('79','suscipit','79'),
('80','minus','80'),
('81','nobis','81'),
('82','voluptatum','82'),
('83','inventore','83'),
('84','sapiente','84'),
('85','alias','85'),
('86','commodi','86'),
('87','eligendi','87'),
('88','voluptas','88'),
('89','est','89'),
('90','maxime','90'),
('91','voluptate','91'),
('92','et','92'),
('93','quasi','93'),
('94','minus','94'),
('95','laboriosam','95'),
('96','iure','96'),
('97','consequuntur','97'),
('98','ad','98'),
('99','voluptatibus','99'),
('100','et','100'); 


DROP TABLE IF EXISTS `videos`;
CREATE TABLE `videos` (
  `id` bigint(20) unsigned NOT NULL AUTO_INCREMENT,
  `album_id` bigint(20) unsigned DEFAULT NULL,
  `media_id` bigint(20) unsigned DEFAULT NULL,
  PRIMARY KEY (`id`),
  UNIQUE KEY `id` (`id`),
  KEY `album_id` (`album_id`),
  KEY `media_id` (`media_id`),
  CONSTRAINT `videos_ibfk_1` FOREIGN KEY (`album_id`) REFERENCES `video_albums` (`id`),
  CONSTRAINT `videos_ibfk_2` FOREIGN KEY (`media_id`) REFERENCES `media` (`id`)
) ENGINE=InnoDB AUTO_INCREMENT=101 DEFAULT CHARSET=utf8 COLLATE=utf8_unicode_ci;

INSERT INTO `videos` VALUES ('1','1','1'),
('2','2','2'),
('3','3','3'),
('4','4','4'),
('5','5','5'),
('6','6','6'),
('7','7','7'),
('8','8','8'),
('9','9','9'),
('10','10','10'),
('11','11','11'),
('12','12','12'),
('13','13','13'),
('14','14','14'),
('15','15','15'),
('16','16','16'),
('17','17','17'),
('18','18','18'),
('19','19','19'),
('20','20','20'),
('21','21','21'),
('22','22','22'),
('23','23','23'),
('24','24','24'),
('25','25','25'),
('26','26','26'),
('27','27','27'),
('28','28','28'),
('29','29','29'),
('30','30','30'),
('31','31','31'),
('32','32','32'),
('33','33','33'),
('34','34','34'),
('35','35','35'),
('36','36','36'),
('37','37','37'),
('38','38','38'),
('39','39','39'),
('40','40','40'),
('41','41','41'),
('42','42','42'),
('43','43','43'),
('44','44','44'),
('45','45','45'),
('46','46','46'),
('47','47','47'),
('48','48','48'),
('49','49','49'),
('50','50','50'),
('51','51','51'),
('52','52','52'),
('53','53','53'),
('54','54','54'),
('55','55','55'),
('56','56','56'),
('57','57','57'),
('58','58','58'),
('59','59','59'),
('60','60','60'),
('61','61','61'),
('62','62','62'),
('63','63','63'),
('64','64','64'),
('65','65','65'),
('66','66','66'),
('67','67','67'),
('68','68','68'),
('69','69','69'),
('70','70','70'),
('71','71','71'),
('72','72','72'),
('73','73','73'),
('74','74','74'),
('75','75','75'),
('76','76','76'),
('77','77','77'),
('78','78','78'),
('79','79','79'),
('80','80','80'),
('81','81','81'),
('82','82','82'),
('83','83','83'),
('84','84','84'),
('85','85','85'),
('86','86','86'),
('87','87','87'),
('88','88','88'),
('89','89','89'),
('90','90','90'),
('91','91','91'),
('92','92','92'),
('93','93','93'),
('94','94','94'),
('95','95','95'),
('96','96','96'),
('97','97','97'),
('98','98','98'),
('99','99','99'),
('100','100','100'); 




/*!40101 SET SQL_MODE=@OLD_SQL_MODE */;
/*!40014 SET FOREIGN_KEY_CHECKS=@OLD_FOREIGN_KEY_CHECKS */;
/*!40014 SET UNIQUE_CHECKS=@OLD_UNIQUE_CHECKS */;
/*!40101 SET CHARACTER_SET_CLIENT=@OLD_CHARACTER_SET_CLIENT */;
/*!40101 SET CHARACTER_SET_RESULTS=@OLD_CHARACTER_SET_RESULTS */;
/*!40101 SET COLLATION_CONNECTION=@OLD_COLLATION_CONNECTION */;
/*!40111 SET SQL_NOTES=@OLD_SQL_NOTES */;


