drop database if exists vk;
create database vk;
use vk;


-- Generation time: Sun, 17 Nov 2019 12:32:22 +0000
-- Host: mysql.hostinger.ro
-- DB name: u574849695_23
/*!40030 SET NAMES UTF8 */;
/*!40101 SET @OLD_CHARACTER_SET_CLIENT=@@CHARACTER_SET_CLIENT */;
/*!40101 SET @OLD_CHARACTER_SET_RESULTS=@@CHARACTER_SET_RESULTS */;
/*!40101 SET @OLD_COLLATION_CONNECTION=@@COLLATION_CONNECTION */;
/*!40103 SET @OLD_TIME_ZONE=@@TIME_ZONE */;
/*!40103 SET TIME_ZONE='+00:00' */;
/*!40014 SET @OLD_UNIQUE_CHECKS=@@UNIQUE_CHECKS, UNIQUE_CHECKS=0 */;
/*!40014 SET @OLD_FOREIGN_KEY_CHECKS=@@FOREIGN_KEY_CHECKS, FOREIGN_KEY_CHECKS=0 */;
/*!40101 SET @OLD_SQL_MODE=@@SQL_MODE, SQL_MODE='NO_AUTO_VALUE_ON_ZERO' */;
/*!40111 SET @OLD_SQL_NOTES=@@SQL_NOTES, SQL_NOTES=0 */;

DROP TABLE IF EXISTS `communities`;
CREATE TABLE `communities` (
  `id` bigint(20) unsigned NOT NULL AUTO_INCREMENT,
  `name` varchar(200) COLLATE utf8_unicode_ci DEFAULT NULL,
  PRIMARY KEY (`id`),
  KEY `name` (`name`)
) ENGINE=InnoDB AUTO_INCREMENT=101 DEFAULT CHARSET=utf8 COLLATE=utf8_unicode_ci;

INSERT INTO `communities` VALUES ('79','ad'),
('22','alias'),
('99','aliquam'),
('41','aliquid'),
('75','aspernatur'),
('65','at'),
('66','at'),
('24','aut'),
('29','consequuntur'),
('85','corrupti'),
('98','cupiditate'),
('39','deleniti'),
('38','deserunt'),
('31','dignissimos'),
('32','dolore'),
('25','dolores'),
('46','dolores'),
('96','dolores'),
('83','enim'),
('18','eos'),
('8','est'),
('50','est'),
('3','et'),
('7','et'),
('26','et'),
('67','et'),
('81','et'),
('94','et'),
('30','eum'),
('97','eum'),
('45','exercitationem'),
('73','exercitationem'),
('48','facere'),
('1','facilis'),
('4','facilis'),
('28','fugiat'),
('15','fugit'),
('27','harum'),
('88','id'),
('80','impedit'),
('21','incidunt'),
('5','ipsa'),
('91','ipsam'),
('93','ipsam'),
('40','iste'),
('56','iste'),
('59','itaque'),
('95','itaque'),
('35','iure'),
('13','laboriosam'),
('20','laboriosam'),
('69','minus'),
('76','modi'),
('49','molestiae'),
('60','necessitatibus'),
('33','neque'),
('2','nihil'),
('54','nostrum'),
('72','nostrum'),
('78','nulla'),
('44','officiis'),
('63','officiis'),
('37','omnis'),
('87','omnis'),
('47','pariatur'),
('68','porro'),
('64','possimus'),
('23','praesentium'),
('61','provident'),
('11','quae'),
('19','quam'),
('84','qui'),
('62','quia'),
('58','quibusdam'),
('71','quibusdam'),
('14','quo'),
('82','quod'),
('6','quos'),
('70','ratione'),
('92','reiciendis'),
('74','repellendus'),
('57','repudiandae'),
('90','saepe'),
('9','sapiente'),
('77','sed'),
('100','sed'),
('10','sequi'),
('16','sit'),
('89','sit'),
('51','tenetur'),
('12','ullam'),
('36','ullam'),
('42','ut'),
('43','ut'),
('55','veniam'),
('34','veritatis'),
('53','vero'),
('52','vitae'),
('17','voluptas'),
('86','voluptatem'); 


DROP TABLE IF EXISTS `friend_requests`;
CREATE TABLE `friend_requests` (
  `initiator_user_id` bigint(20) unsigned NOT NULL,
  `target_user_id` bigint(20) unsigned NOT NULL,
  `status` enum('requsted','approved','unfriended','declined') COLLATE utf8_unicode_ci DEFAULT NULL,
  `created_at` datetime DEFAULT current_timestamp(),
  `update_at` datetime DEFAULT NULL ON UPDATE current_timestamp(),
  PRIMARY KEY (`initiator_user_id`,`target_user_id`),
  KEY `initiator_user_id` (`initiator_user_id`),
  KEY `target_user_id` (`target_user_id`),
  CONSTRAINT `friend_requests_ibfk_1` FOREIGN KEY (`initiator_user_id`) REFERENCES `users` (`id`),
  CONSTRAINT `friend_requests_ibfk_2` FOREIGN KEY (`target_user_id`) REFERENCES `users` (`id`)
) ENGINE=InnoDB DEFAULT CHARSET=utf8 COLLATE=utf8_unicode_ci;

INSERT INTO `friend_requests` VALUES ('1','1','unfriended','2000-11-09 01:26:33','1991-07-31 22:38:00'),
('2','2','declined','1994-03-30 16:12:22','1989-03-26 00:32:47'),
('3','3','requsted','1971-11-12 20:10:02','1994-11-17 16:50:29'),
('4','4','unfriended','2003-01-04 13:37:59','2009-11-09 01:09:30'),
('5','5','declined','2001-06-22 14:51:51','1988-02-04 12:25:40'),
('6','6','declined','2005-06-20 11:07:59','1992-10-02 01:53:49'),
('7','7','requsted','2015-02-05 12:34:33','1999-06-25 03:01:44'),
('8','8','unfriended','1984-04-26 04:16:50','1982-03-22 14:52:50'),
('9','9','approved','1999-05-27 20:38:00','2011-02-04 03:10:41'),
('10','10','approved','1977-06-14 17:50:52','1973-07-15 17:10:31'),
('11','11','requsted','1979-02-05 12:27:15','2000-02-09 08:45:11'),
('12','12','requsted','1987-01-08 13:59:16','2006-01-27 12:44:15'),
('13','13','requsted','2003-06-11 18:32:02','2004-08-27 10:24:01'),
('14','14','requsted','1999-01-30 08:53:20','1999-07-01 09:08:22'),
('15','15','requsted','2006-09-11 20:41:15','1977-09-19 09:11:36'),
('16','16','unfriended','1975-07-11 05:58:25','1970-11-22 00:01:31'),
('17','17','approved','2013-12-15 20:40:24','2017-12-14 20:19:04'),
('18','18','declined','2013-01-25 03:29:16','1979-04-23 07:08:11'),
('19','19','declined','1990-04-13 13:20:50','2017-01-28 21:10:50'),
('20','20','requsted','1970-08-26 17:53:33','2002-09-25 01:14:16'),
('21','21','unfriended','2005-03-15 11:41:11','1979-03-03 02:09:28'),
('22','22','requsted','2009-02-25 18:56:27','1981-04-24 13:45:13'),
('23','23','approved','2003-02-16 08:06:07','2002-12-03 10:33:44'),
('24','24','requsted','1985-07-11 02:38:58','1981-10-11 15:53:35'),
('25','25','declined','1978-02-21 08:39:35','1996-01-06 03:28:07'),
('26','26','approved','2003-01-21 09:09:20','1973-07-06 21:37:19'),
('27','27','approved','1998-05-09 03:36:40','2014-06-06 08:16:31'),
('28','28','declined','1999-11-13 08:38:46','2001-11-04 16:07:13'),
('29','29','requsted','1976-07-21 15:30:49','2002-01-06 09:08:31'),
('30','30','unfriended','1996-04-18 07:16:16','1975-06-29 19:01:46'),
('31','31','approved','2009-03-23 13:53:41','2012-11-24 22:11:21'),
('32','32','unfriended','1994-02-09 07:56:17','2014-12-03 04:54:54'),
('33','33','approved','1978-06-28 21:03:57','1994-09-16 06:54:16'),
('34','34','unfriended','1999-11-06 01:22:47','2019-09-04 20:02:36'),
('35','35','unfriended','1994-01-06 02:03:58','1975-02-18 13:10:57'),
('36','36','approved','1985-03-17 05:59:06','1976-03-27 21:03:14'),
('37','37','declined','1971-06-09 12:52:17','1983-11-17 17:41:33'),
('38','38','approved','2000-05-31 15:29:21','1977-05-18 13:47:11'),
('39','39','unfriended','1971-03-04 05:55:02','2012-03-25 16:52:28'),
('40','40','requsted','1999-06-23 18:15:11','1983-11-13 06:16:32'),
('41','41','declined','2004-05-11 07:41:09','1996-12-17 23:40:48'),
('42','42','declined','1998-08-17 04:25:23','2000-10-29 08:21:37'),
('43','43','approved','1977-07-09 21:06:41','2010-03-28 23:41:08'),
('44','44','unfriended','1974-09-19 04:33:16','1972-10-15 05:44:16'),
('45','45','unfriended','1999-06-08 15:25:48','2005-09-27 18:44:52'),
('46','46','requsted','1986-03-29 10:47:52','1988-06-15 07:27:28'),
('47','47','requsted','1982-05-22 03:14:49','2012-08-03 22:46:32'),
('48','48','requsted','1976-09-11 12:35:45','1988-05-11 06:33:40'),
('49','49','declined','1999-02-14 14:04:49','2015-05-01 12:32:51'),
('50','50','requsted','1979-06-15 05:54:06','1992-05-29 05:00:57'),
('51','51','unfriended','1999-08-19 15:51:12','1978-05-23 16:55:49'),
('52','52','approved','1994-01-24 12:28:46','1994-07-14 17:59:48'),
('53','53','requsted','1994-08-28 18:43:23','1995-02-25 06:31:38'),
('54','54','declined','1980-11-17 14:21:35','1990-02-17 20:23:00'),
('55','55','approved','2008-08-28 10:37:59','1982-08-18 16:56:35'),
('56','56','declined','1997-09-11 03:06:58','2001-03-25 16:20:47'),
('57','57','approved','1996-04-04 02:47:12','1973-02-02 09:12:36'),
('58','58','declined','1971-01-27 23:37:21','1974-08-20 22:47:43'),
('59','59','approved','2005-06-22 10:43:24','1980-01-10 10:13:22'),
('60','60','unfriended','2008-08-10 21:55:05','1971-10-05 00:46:38'),
('61','61','requsted','1985-05-04 17:26:13','2018-11-03 10:55:10'),
('62','62','approved','2005-09-08 18:19:54','1985-06-29 06:12:23'),
('63','63','unfriended','1975-11-25 02:10:51','1992-12-23 16:04:55'),
('64','64','requsted','2003-08-03 19:27:02','2010-08-28 10:46:17'),
('65','65','unfriended','2017-07-22 18:30:30','1994-07-25 03:27:33'),
('66','66','unfriended','1994-10-17 23:25:30','1974-07-04 07:09:39'),
('67','67','declined','2005-03-21 12:16:54','2008-05-01 19:19:26'),
('68','68','approved','2003-10-21 21:12:22','1997-08-17 00:41:59'),
('69','69','requsted','1970-06-09 04:32:42','2012-04-08 04:02:41'),
('70','70','approved','1989-10-14 09:15:50','1993-06-23 07:59:36'),
('71','71','approved','1970-08-22 19:19:13','2013-09-28 12:13:27'),
('72','72','unfriended','1980-05-19 19:12:28','1993-10-31 06:54:48'),
('73','73','approved','2017-02-19 18:21:30','2005-07-21 08:37:12'),
('74','74','declined','1979-05-05 20:46:54','2005-02-07 13:05:07'),
('75','75','approved','2002-07-23 05:10:16','2005-08-07 13:08:01'),
('76','76','declined','1988-08-17 16:10:07','1974-04-17 07:40:00'),
('77','77','unfriended','1979-04-24 15:18:05','1983-11-22 20:40:02'),
('78','78','approved','1994-09-09 15:54:03','1997-10-10 04:03:55'),
('79','79','approved','1998-09-20 03:07:40','2019-07-16 21:11:31'),
('80','80','unfriended','1977-03-04 13:55:17','1974-07-29 02:25:50'),
('81','81','requsted','2008-12-18 20:18:46','1971-01-06 06:19:18'),
('82','82','unfriended','2012-05-22 00:44:19','2007-08-05 09:11:02'),
('83','83','declined','1987-04-24 19:17:26','2008-04-08 11:58:56'),
('84','84','approved','2012-12-19 11:28:50','2007-05-13 17:18:53'),
('85','85','declined','1981-09-11 09:07:30','1987-10-08 01:42:59'),
('86','86','approved','1985-03-15 16:13:10','1977-12-22 08:09:33'),
('87','87','declined','2002-01-09 04:55:58','1992-05-31 22:38:40'),
('88','88','declined','2016-08-16 18:00:41','2016-03-01 09:35:12'),
('89','89','approved','1978-05-28 22:54:17','2006-02-05 13:31:48'),
('90','90','requsted','2014-07-09 21:12:48','2003-02-12 21:53:33'),
('91','91','unfriended','2005-10-11 06:59:41','1985-04-04 13:27:29'),
('92','92','declined','1995-12-16 16:15:13','1970-09-15 23:43:39'),
('93','93','unfriended','1999-05-03 00:30:25','1972-06-12 06:06:34'),
('94','94','declined','1988-06-19 01:08:39','1986-11-21 07:45:44'),
('95','95','unfriended','2011-08-15 11:58:13','2013-04-10 13:04:35'),
('96','96','unfriended','1973-06-22 06:45:10','2005-11-07 04:34:08'),
('97','97','unfriended','1991-09-17 12:05:30','2015-10-01 07:30:48'),
('98','98','declined','2012-01-19 20:04:58','1993-06-06 04:28:32'),
('99','99','unfriended','2014-04-18 11:41:47','2017-02-26 15:38:58'),
('100','100','unfriended','1985-01-23 16:29:05','1971-01-01 16:51:30'); 


DROP TABLE IF EXISTS `likes`;
CREATE TABLE `likes` (
  `id` bigint(20) unsigned NOT NULL AUTO_INCREMENT,
  `album_id` bigint(20) unsigned DEFAULT NULL,
  `media_id` bigint(20) unsigned DEFAULT NULL,
  `user_id` bigint(20) unsigned NOT NULL,
  `created_at` datetime DEFAULT current_timestamp(),
  PRIMARY KEY (`id`),
  UNIQUE KEY `id` (`id`),
  KEY `user_id` (`user_id`),
  KEY `media_id` (`media_id`),
  CONSTRAINT `likes_ibfk_1` FOREIGN KEY (`user_id`) REFERENCES `users` (`id`),
  CONSTRAINT `likes_ibfk_2` FOREIGN KEY (`media_id`) REFERENCES `media` (`id`)
) ENGINE=InnoDB AUTO_INCREMENT=101 DEFAULT CHARSET=utf8 COLLATE=utf8_unicode_ci;

INSERT INTO `likes` VALUES ('1','1','1','1','2004-10-26 02:10:50'),
('2','2','2','2','1970-03-06 02:18:54'),
('3','3','3','3','2016-02-07 18:46:16'),
('4','4','4','4','2010-09-07 04:34:00'),
('5','5','5','5','2019-04-17 14:27:08'),
('6','6','6','6','2000-05-11 05:13:50'),
('7','7','7','7','2006-09-04 02:24:16'),
('8','8','8','8','1978-10-30 01:25:43'),
('9','9','9','9','1971-01-04 12:15:11'),
('10','10','10','10','1989-06-30 17:02:04'),
('11','11','11','11','1984-08-29 11:03:29'),
('12','12','12','12','1990-12-24 22:15:54'),
('13','13','13','13','1984-11-20 13:19:40'),
('14','14','14','14','1992-07-04 12:23:12'),
('15','15','15','15','2002-01-22 00:18:08'),
('16','16','16','16','2003-11-21 16:29:05'),
('17','17','17','17','1983-05-07 10:09:06'),
('18','18','18','18','1980-02-12 20:22:25'),
('19','19','19','19','1992-10-06 12:18:23'),
('20','20','20','20','1973-07-25 15:50:16'),
('21','21','21','21','1993-08-24 12:08:57'),
('22','22','22','22','1990-01-14 23:20:42'),
('23','23','23','23','1999-10-28 10:41:57'),
('24','24','24','24','1975-03-20 23:03:43'),
('25','25','25','25','1988-05-31 10:12:21'),
('26','26','26','26','1983-06-16 20:55:52'),
('27','27','27','27','2000-05-20 03:04:38'),
('28','28','28','28','1979-10-17 08:34:00'),
('29','29','29','29','1999-05-14 18:17:11'),
('30','30','30','30','1991-03-20 05:09:21'),
('31','31','31','31','2005-09-04 15:07:21'),
('32','32','32','32','2004-05-26 17:19:15'),
('33','33','33','33','1995-07-25 16:07:11'),
('34','34','34','34','1999-12-21 05:27:13'),
('35','35','35','35','1995-12-27 06:44:56'),
('36','36','36','36','2011-08-31 17:55:18'),
('37','37','37','37','1988-10-23 15:29:10'),
('38','38','38','38','1972-10-15 02:51:06'),
('39','39','39','39','1990-10-31 14:31:37'),
('40','40','40','40','1995-10-25 02:09:08'),
('41','41','41','41','2006-06-24 02:49:18'),
('42','42','42','42','2002-05-02 04:46:31'),
('43','43','43','43','1987-10-17 11:26:46'),
('44','44','44','44','1992-03-26 10:27:43'),
('45','45','45','45','1997-06-10 22:15:38'),
('46','46','46','46','2017-10-21 20:53:41'),
('47','47','47','47','2019-04-17 17:37:10'),
('48','48','48','48','2005-08-19 14:04:20'),
('49','49','49','49','2012-05-25 16:26:55'),
('50','50','50','50','2002-02-27 21:55:01'),
('51','51','51','51','1996-03-14 16:13:56'),
('52','52','52','52','1980-08-11 17:59:28'),
('53','53','53','53','2011-08-13 01:36:33'),
('54','54','54','54','1985-09-04 18:56:50'),
('55','55','55','55','1983-08-12 17:22:34'),
('56','56','56','56','2000-05-10 05:57:53'),
('57','57','57','57','1990-10-09 05:03:27'),
('58','58','58','58','1981-08-30 07:35:24'),
('59','59','59','59','2012-04-03 19:02:28'),
('60','60','60','60','1972-04-19 16:43:23'),
('61','61','61','61','1974-04-18 02:02:39'),
('62','62','62','62','1984-08-24 06:15:02'),
('63','63','63','63','2002-06-12 17:01:44'),
('64','64','64','64','2009-04-15 05:48:02'),
('65','65','65','65','1977-02-06 12:51:32'),
('66','66','66','66','1998-03-01 07:13:06'),
('67','67','67','67','1974-01-13 05:37:09'),
('68','68','68','68','2013-05-26 18:12:08'),
('69','69','69','69','1984-09-05 12:29:22'),
('70','70','70','70','1995-02-27 23:54:55'),
('71','71','71','71','2018-01-21 19:03:49'),
('72','72','72','72','1977-07-02 09:53:13'),
('73','73','73','73','2001-07-06 06:12:23'),
('74','74','74','74','2011-04-05 19:51:47'),
('75','75','75','75','1976-05-08 08:29:47'),
('76','76','76','76','2018-03-22 19:37:43'),
('77','77','77','77','1978-02-26 14:33:31'),
('78','78','78','78','1977-02-18 19:38:13'),
('79','79','79','79','1987-08-25 18:07:00'),
('80','80','80','80','1973-03-14 22:55:54'),
('81','81','81','81','1977-09-06 18:18:25'),
('82','82','82','82','1990-01-01 15:20:12'),
('83','83','83','83','1988-04-29 12:25:04'),
('84','84','84','84','1976-08-02 06:20:19'),
('85','85','85','85','2014-12-20 06:46:09'),
('86','86','86','86','2013-05-05 22:23:18'),
('87','87','87','87','1979-03-23 10:25:16'),
('88','88','88','88','1993-11-25 04:57:54'),
('89','89','89','89','1992-05-03 12:11:50'),
('90','90','90','90','2017-02-21 19:53:16'),
('91','91','91','91','1976-12-05 04:39:03'),
('92','92','92','92','1980-09-30 16:57:51'),
('93','93','93','93','2012-12-26 14:58:33'),
('94','94','94','94','2002-05-03 06:58:20'),
('95','95','95','95','1979-04-28 10:31:42'),
('96','96','96','96','1976-10-05 06:52:18'),
('97','97','97','97','1979-01-20 08:59:39'),
('98','98','98','98','2013-12-10 19:50:25'),
('99','99','99','99','1978-01-15 04:14:44'),
('100','100','100','100','1999-06-07 23:09:29'); 


DROP TABLE IF EXISTS `media`;
CREATE TABLE `media` (
  `id` bigint(20) unsigned NOT NULL AUTO_INCREMENT,
  `media_type_id` bigint(20) unsigned NOT NULL,
  `user_id` bigint(20) unsigned NOT NULL,
  `body` text COLLATE utf8_unicode_ci DEFAULT NULL,
  `filename` varchar(255) COLLATE utf8_unicode_ci DEFAULT NULL,
  `size` int(11) DEFAULT NULL,
  `metadata` longtext CHARACTER SET utf8mb4 COLLATE utf8mb4_bin DEFAULT NULL,
  `created_at` datetime DEFAULT current_timestamp(),
  `update_at` datetime DEFAULT NULL,
  PRIMARY KEY (`id`),
  KEY `media_type_id` (`media_type_id`),
  KEY `user_id` (`user_id`),
  CONSTRAINT `media_ibfk_1` FOREIGN KEY (`user_id`) REFERENCES `users` (`id`),
  CONSTRAINT `media_ibfk_2` FOREIGN KEY (`media_type_id`) REFERENCES `media_types` (`id`)
) ENGINE=InnoDB AUTO_INCREMENT=101 DEFAULT CHARSET=utf8 COLLATE=utf8_unicode_ci;

INSERT INTO `media` VALUES ('1','1','1','Rerum consequatur maiores voluptatem fugiat. Aut pariatur laudantium dicta delectus alias. Nihil enim quo recusandae nisi.','sed','18112769',NULL,'1999-01-03 00:17:22','1986-06-07 04:11:50'),
('2','2','2','Nemo sunt magni optio error. Eos ab ipsa atque qui unde beatae. Rerum quo aut quisquam odit quia beatae. Nihil aut sed ut excepturi sit.','eos','837',NULL,'2005-12-17 23:13:23','1977-03-26 15:11:03'),
('3','3','3','Recusandae ipsam est qui sed ipsa ea odio. Sunt maiores ipsum sit alias aut. Dolorem architecto minima porro iusto soluta aut exercitationem harum. Ab nobis eaque qui consequatur quae est dignissimos.','quis','36378',NULL,'1989-12-13 22:28:05','2010-11-02 10:19:33'),
('4','4','4','Sint possimus esse necessitatibus recusandae id asperiores rerum. Fuga illo minus maxime. Debitis molestiae facere dignissimos expedita ipsum non voluptatem. Earum ea neque sed quis ea enim in est.','ea','96075533',NULL,'2002-05-11 20:06:02','2010-11-18 05:13:00'),
('5','5','5','Veritatis animi consequatur itaque. Omnis aperiam aliquam praesentium enim architecto fugit quis. Aut atque iure blanditiis iure delectus.','est','0',NULL,'2016-10-11 22:41:44','2008-07-21 06:28:44'),
('6','6','6','Aspernatur natus iusto et quos exercitationem. Aliquam est velit accusantium. Voluptas dicta facilis eos aliquid.','voluptatum','242535',NULL,'1990-10-08 03:30:44','1987-11-07 07:41:53'),
('7','7','7','Aliquid accusantium fugiat totam suscipit sit quis eaque. Eaque facilis aut blanditiis. Numquam temporibus voluptas sit enim ipsa suscipit. Ea fugiat incidunt est aut. Neque quidem voluptas consequatur voluptatem.','quod','816',NULL,'1978-06-01 20:04:34','2001-06-05 02:31:07'),
('8','8','8','Recusandae eum voluptates culpa laborum qui. Quis aliquid autem id voluptatem. Iure temporibus eos quisquam aut perferendis.','adipisci','5164',NULL,'1998-05-30 06:01:20','1983-03-27 20:02:47'),
('9','9','9','Ad adipisci numquam rerum quis pariatur at vitae. Eos vel porro est modi et harum exercitationem. Eos deleniti et et fuga et. Voluptas et et voluptatum maiores doloribus dolores sapiente.','voluptas','2472',NULL,'2011-01-12 08:58:48','2004-09-25 04:32:59'),
('10','10','10','Maxime tenetur eveniet quo in at qui. Ut repellat occaecati sed sit sapiente tempore. Laudantium placeat provident voluptas ut quo.','accusantium','1423',NULL,'2018-11-29 18:42:27','1977-10-14 01:22:24'),
('11','11','11','Repudiandae sint unde magnam eum tenetur alias sunt. Aut quis facere non deserunt fugit. Quod porro quas fuga dolores. Fugit quia reprehenderit voluptatem laborum.','sint','4',NULL,'1977-10-03 18:57:36','1974-05-18 12:06:58'),
('12','12','12','Dolor est modi tempora dolor eum. Cupiditate autem enim architecto distinctio optio. In sit ab illo atque.','repellat','44457675',NULL,'2014-11-23 01:46:37','1992-10-29 23:38:58'),
('13','13','13','Perferendis ex neque exercitationem itaque culpa. A eum qui ducimus minus aut. Quia quis necessitatibus quam sed libero sunt.','omnis','1255928',NULL,'1977-04-04 19:56:21','1992-10-25 03:34:00'),
('14','14','14','Consequatur magnam et dolor dolor fugiat. Ab et dolorem dolor harum dolores molestiae. Amet cumque iste accusamus quia.','et','40',NULL,'1993-10-18 22:53:32','1993-03-11 10:37:11'),
('15','15','15','Sapiente dolores quaerat reiciendis possimus aut. Tempora nostrum cumque qui tenetur odio nihil. At est sit dolore fuga illum ex doloribus.','qui','240666484',NULL,'1976-09-07 17:34:10','2004-10-05 06:03:22'),
('16','16','16','Placeat sunt libero ipsa aut. Molestias omnis ipsam eos ut illum. Corporis corrupti ex modi a eveniet consequuntur nesciunt. Tenetur vel alias aut quia maiores qui voluptatem.','sapiente','64971',NULL,'1989-11-27 11:56:47','1995-08-22 17:07:44'),
('17','17','17','Voluptas voluptatem corporis nobis quas sunt est. Deleniti facilis illum vel enim. Praesentium provident fugiat qui non id. Impedit neque in asperiores sed nihil aperiam. Distinctio commodi cum aut id ut quo.','et','7',NULL,'2009-09-16 20:31:13','1973-11-17 08:25:36'),
('18','18','18','Perferendis numquam odio corrupti quis eligendi dolor ad. Est consequatur sint perferendis a. Et possimus et amet. Atque dolore delectus natus labore.','culpa','9',NULL,'2017-07-18 13:57:34','1986-11-23 16:42:31'),
('19','19','19','Est nihil quia alias distinctio corporis labore in. Mollitia minima molestiae nisi quam consequatur.','molestias','4488435',NULL,'1972-04-15 07:08:12','2003-10-16 00:41:28'),
('20','20','20','Quos esse nam enim ut incidunt. Et inventore ut ea quae ducimus. Reprehenderit blanditiis voluptas harum.','sint','714177',NULL,'1992-07-30 13:13:16','1975-03-22 09:18:18'),
('21','21','21','Deserunt consequatur amet earum libero iure. Et excepturi voluptatem eligendi accusantium in.','voluptas','487',NULL,'1974-12-19 01:08:13','2014-02-24 15:20:33'),
('22','22','22','Ea a porro voluptas eveniet est laborum ut corrupti. Quia et quibusdam est natus unde ullam laudantium. Sed provident a ab voluptatem.','provident','0',NULL,'2011-04-20 07:20:11','1970-09-27 09:10:34'),
('23','23','23','Ut qui beatae aliquid. Est ex et vitae reiciendis. Corporis repellendus odio sunt laudantium.','et','0',NULL,'1995-11-27 14:04:47','1990-10-30 16:41:48'),
('24','24','24','Consequatur cum in repellendus. Molestias dicta ducimus corporis qui quod aut esse. Itaque sed sint consequatur fugiat quia id.','aut','587356714',NULL,'1976-12-27 03:29:55','1992-01-13 18:14:01'),
('25','25','25','Rem quam inventore id excepturi. Magni et quam officia sit adipisci omnis quos. Nemo excepturi est dolor totam est.','consequatur','3372440',NULL,'1973-05-21 19:38:24','1996-06-29 16:41:10'),
('26','26','26','Non qui ut pariatur. Consequatur sequi quibusdam nihil laboriosam reprehenderit sequi dicta quo. Qui quo est exercitationem omnis quis.','est','9059754',NULL,'1972-08-15 04:00:41','1979-10-21 01:46:25'),
('27','27','27','Omnis et velit consequatur dolor possimus sapiente. Nisi asperiores quas enim atque consequatur.','consectetur','4',NULL,'2017-05-23 17:46:03','2001-05-25 11:00:52'),
('28','28','28','Vel minus voluptatum libero repellendus ut a. Dolorem excepturi et labore explicabo. Facilis cupiditate odio quae ducimus illo dolor commodi. Repellat sit autem perferendis similique et sed quia recusandae.','quis','951221',NULL,'2016-11-16 13:28:21','1972-06-22 17:29:03'),
('29','29','29','Pariatur qui officia doloribus qui accusamus est. Animi molestiae accusantium voluptatem vitae vitae sit temporibus. Et expedita dicta quia aut quo.','tempora','576765',NULL,'2000-09-17 20:18:25','1971-11-29 15:55:18'),
('30','30','30','Et error molestiae magnam aliquid. Aut necessitatibus molestiae consequatur minima numquam. Veritatis laborum voluptas alias et.','aspernatur','66908',NULL,'2001-12-02 05:34:13','2000-06-05 06:45:19'),
('31','31','31','Sapiente quia delectus quia repellendus. Molestiae quis perspiciatis aut velit mollitia eum. Esse distinctio aut veniam est assumenda maxime.','consequatur','1020',NULL,'2007-12-07 07:47:34','1971-05-08 20:25:27'),
('32','32','32','Quis voluptas eum tenetur quae a quis. Tenetur unde rerum molestiae incidunt quisquam ut necessitatibus. Tempora sit perspiciatis dicta minus ullam aut.','et','96',NULL,'2008-10-19 14:07:33','1977-05-02 23:30:00'),
('33','33','33','Ullam ad voluptatem consectetur velit corrupti earum corporis. Culpa aut ullam amet nam et harum ducimus labore. Quae accusantium eos provident officiis ut minima. Cumque doloribus non qui sint occaecati tempore delectus alias.','ut','85',NULL,'1988-06-03 02:34:16','1985-09-05 22:19:59'),
('34','34','34','Ut et aut asperiores eos sed aliquid. Soluta perferendis rerum dolorem vitae quibusdam repellendus impedit sit. Quas expedita tempore nihil cumque. Ea veniam magni aut quaerat odit.','exercitationem','8',NULL,'1990-04-22 15:38:38','1998-11-05 00:32:08'),
('35','35','35','Molestiae sit eos voluptatem qui pariatur quis. Consequatur aspernatur quidem quidem aut. Officia in atque a et sed. Dolores accusantium velit omnis ut.','illum','6',NULL,'2011-08-04 22:21:50','2007-08-25 04:50:51'),
('36','36','36','Voluptas laborum quas accusamus et tempore odio. Repellat blanditiis et rerum ipsa in reiciendis eos. Et dolorem non dolore ut nihil unde possimus. Ea tenetur error occaecati porro error at et.','et','895',NULL,'1981-01-24 05:26:14','2013-12-17 17:58:45'),
('37','37','37','Fugiat modi voluptatem quasi consequatur possimus praesentium molestiae. Aut iure quisquam ab libero et quibusdam ut. Aliquam quia delectus voluptas molestiae libero.','amet','9051',NULL,'1991-04-22 03:32:06','2003-02-08 19:10:55'),
('38','38','38','Dolores quis omnis nihil ea. Beatae ducimus eum libero aliquid omnis ut. Nobis maxime sint nobis voluptatum.','ut','321213',NULL,'2017-11-20 12:31:51','1983-04-26 20:55:32'),
('39','39','39','Et similique esse quaerat asperiores cumque nostrum eveniet officiis. Labore nulla tempore sapiente quas eligendi. Sequi eligendi quisquam sed quia ut.','ut','7578555',NULL,'2011-09-02 08:21:00','1978-04-02 18:03:56'),
('40','40','40','Non modi quibusdam nulla accusantium et voluptatem quisquam et. Cupiditate corrupti et repudiandae ea ipsam at et. Atque possimus quia dolorem laboriosam quos aut magnam sed.','quia','5',NULL,'2014-07-30 15:36:20','1994-10-02 02:11:11'),
('41','41','41','Eveniet ad itaque delectus doloremque necessitatibus. Placeat ipsam vel facilis et perspiciatis cum voluptate veritatis. Quia sed pariatur nihil ipsum est quia. Aspernatur sint qui doloremque quis.','beatae','5',NULL,'1986-04-16 05:37:33','2017-03-12 01:38:11'),
('42','42','42','Aut enim velit similique repellendus omnis culpa. Ex porro assumenda pariatur rerum nam qui. Voluptates vel non non sunt dolorem aut laboriosam.','consequuntur','81334',NULL,'1988-09-13 20:04:51','2010-08-20 19:51:39'),
('43','43','43','Ratione explicabo id nihil. Laudantium necessitatibus praesentium ex voluptates ut necessitatibus enim. Quos saepe qui ullam eum distinctio quis. Fugiat ut at deleniti.','quod','50',NULL,'2003-12-14 14:58:33','1979-04-09 10:17:03'),
('44','44','44','Aut omnis assumenda alias accusantium nisi aut. Ut similique error ut ipsa totam modi omnis. Veniam deleniti aliquam libero qui.','labore','18241',NULL,'1998-05-20 16:00:05','2013-04-06 08:28:59'),
('45','45','45','Iure aspernatur repellendus voluptates unde beatae minus. Cumque sit aspernatur ipsum sunt. Natus est exercitationem dolor facilis. Dicta voluptas illo excepturi.','nihil','664078903',NULL,'2003-05-28 05:54:22','2017-04-30 03:42:23'),
('46','46','46','Neque amet exercitationem ex. Qui eaque reiciendis provident incidunt voluptatem nihil. Quis assumenda quidem sed cumque est quas saepe omnis. Sed dolores ut culpa maxime sit commodi dicta.','aut','7387',NULL,'1981-02-15 19:48:40','1991-03-01 08:31:54'),
('47','47','47','Perferendis consectetur hic rem quam officia sed rem. Et veritatis et voluptates eius et ut qui. Iure quia sed ut debitis.','inventore','0',NULL,'1984-02-07 15:47:06','2014-02-19 23:06:11'),
('48','48','48','Rerum eveniet at sint. Minus aliquid maxime vero aut ducimus. Et tempora commodi quo harum. Consequatur sed vitae necessitatibus.','eum','0',NULL,'2013-05-27 21:02:35','2001-08-28 08:33:56'),
('49','49','49','Est excepturi cupiditate quidem voluptatem et rerum voluptatibus ipsum. Sunt qui commodi corrupti maxime qui. Quisquam fugiat minima qui delectus deserunt sit. Ducimus nostrum minima qui molestias.','vitae','73043',NULL,'1993-10-27 23:23:59','1972-02-02 23:05:40'),
('50','50','50','Est deserunt ipsa ut voluptas cupiditate sapiente. Magni a eos aspernatur eum exercitationem. Et soluta itaque voluptatem iste ut eveniet.','itaque','17',NULL,'1981-09-13 00:05:36','2013-12-10 01:22:56'),
('51','51','51','Architecto fugit rerum dicta maiores dolor. Itaque tempora in fuga ut. Totam nulla nihil iste vitae nesciunt. Aut accusamus voluptatem nam.','officia','1661910',NULL,'1978-05-25 05:53:44','2015-03-21 10:55:16'),
('52','52','52','Earum veniam dolores qui amet voluptates. Nesciunt error officiis maiores nihil est. Assumenda veritatis autem eum. Rerum nobis minus animi dolor at ullam dolor.','quibusdam','167022678',NULL,'2014-03-26 07:32:43','1984-10-27 06:25:23'),
('53','53','53','Amet ea voluptatibus dolore ex neque et qui. Aut aperiam dolorem repellendus reiciendis. Sit sequi veniam eius aperiam qui eligendi. Amet quas unde necessitatibus tempora voluptatem.','qui','997266',NULL,'2009-11-29 13:37:10','2013-09-03 15:41:55'),
('54','54','54','Repellendus nostrum qui labore voluptatem velit consectetur accusantium. Sunt officiis totam dicta. Magnam iste in quasi ut et sit inventore. Aperiam perferendis vitae et veniam quisquam molestiae qui aut. Dolore sed aut nisi placeat.','non','147',NULL,'2002-10-18 02:29:05','2019-04-10 05:58:11'),
('55','55','55','Aut dolores laudantium hic repellat est blanditiis in. Ut quis veritatis vel nobis et. Magni aspernatur dolor placeat id.','molestiae','2',NULL,'1998-09-18 10:33:33','1994-10-05 03:30:00'),
('56','56','56','Eveniet illum officia sed possimus consequuntur. Molestias molestiae dolor odio aut veritatis. Doloribus excepturi repellendus ipsum adipisci quidem quis.','est','997131955',NULL,'1979-03-26 12:58:49','1987-12-07 23:16:39'),
('57','57','57','Doloremque id minus quis quidem voluptas vel et. Neque unde animi ullam ut est aut sequi. Est ducimus omnis iure non sed ad aut tempore. Doloribus ut est beatae recusandae molestiae.','rerum','0',NULL,'1998-11-17 03:33:57','1977-08-04 20:53:51'),
('58','58','58','Et corrupti temporibus commodi deserunt doloremque laborum. Possimus sed non accusantium est qui eveniet non.','quia','1239457',NULL,'1996-07-21 09:53:24','2019-01-02 20:27:54'),
('59','59','59','Porro tenetur quas aperiam ab aut accusamus voluptas. Deleniti occaecati sit reiciendis. Sed officia consequatur est dolorem impedit. Enim excepturi dolorum ab aliquam ea ipsa nulla.','ratione','1334',NULL,'1993-04-07 18:44:18','1991-12-06 06:50:40'),
('60','60','60','Quia laudantium error ipsa quasi nostrum ullam id. Esse enim iure esse et ipsum ea quisquam. Odit laudantium et sequi assumenda. Nobis recusandae qui cumque.','eius','7606632',NULL,'1985-10-25 08:49:53','2016-09-03 07:19:32'),
('61','61','61','Porro atque vel velit qui a optio. Mollitia beatae iure consectetur. Ad voluptatem animi autem corrupti.','ab','54',NULL,'1971-10-23 19:28:44','1975-06-16 00:20:01'),
('62','62','62','Dicta architecto deleniti sequi sit. Nobis corrupti et recusandae et reprehenderit est aut. Excepturi perspiciatis quod explicabo expedita maxime.','fugit','69047179',NULL,'2002-03-25 06:56:01','2001-07-29 12:00:11'),
('63','63','63','Sapiente assumenda unde dolore facilis molestias quisquam et. Rem perferendis totam ullam enim harum exercitationem. Vero sint commodi laboriosam ut maxime perspiciatis. Fuga nemo voluptas et officia labore nam temporibus. Impedit molestiae quisquam in laboriosam qui qui architecto consequatur.','ratione','1953771',NULL,'1973-08-05 21:19:04','2001-05-01 11:49:37'),
('64','64','64','Quibusdam quas quibusdam tempore ea quos. Sunt iusto est enim neque doloribus et sit. Veniam voluptatem in sed ab.','esse','4626',NULL,'1998-12-26 01:44:24','1973-04-23 03:58:14'),
('65','65','65','Quos est sint et ut. Laudantium harum aut corrupti eum libero est. Quia officiis est eum velit dolores soluta. Consequuntur vitae eligendi autem repudiandae tempora quam.','distinctio','81666',NULL,'1983-09-01 19:03:38','2014-02-13 07:05:13'),
('66','66','66','Vero vero laboriosam debitis explicabo ut ipsa. Illo voluptas unde temporibus fugit. Voluptas atque enim optio cum facilis delectus eveniet.','voluptatem','85389',NULL,'1972-07-28 03:53:34','2011-07-21 11:23:14'),
('67','67','67','Sit porro assumenda provident assumenda adipisci repellendus velit. Culpa officia officiis recusandae quas amet facilis debitis voluptas. Voluptas iste ut ut sit tenetur enim. Ipsam velit voluptates rerum et tempore.','nobis','7516',NULL,'1976-01-08 23:34:28','2012-09-07 15:29:11'),
('68','68','68','Alias cupiditate rerum eveniet voluptatibus. Molestiae recusandae dolorem enim voluptate consequatur iure. Animi laudantium labore doloremque totam dolorem tempore sit.','esse','75547807',NULL,'1971-10-06 01:02:30','2013-11-06 16:03:19'),
('69','69','69','In corrupti repellendus vel nihil velit et officiis perferendis. Et suscipit neque est deserunt expedita dignissimos.','nesciunt','596972',NULL,'1970-03-24 02:04:40','1995-05-14 13:20:21'),
('70','70','70','Eum ullam eum occaecati soluta. Rerum magnam voluptatem quae est nostrum eaque amet.','consectetur','98',NULL,'2019-02-24 14:48:57','2013-06-30 10:59:46'),
('71','71','71','Unde eligendi est itaque sit. Omnis sapiente repellat ducimus aliquam.','distinctio','448703',NULL,'1993-07-27 00:46:42','1976-11-25 01:06:51'),
('72','72','72','Dolor et esse quis numquam. Ut odio voluptatibus totam harum. Sint delectus maxime ratione veniam recusandae ullam culpa.','deleniti','17275',NULL,'1978-11-12 14:08:11','1978-12-07 23:24:24'),
('73','73','73','Expedita possimus ipsam qui quibusdam et aliquid quo. Dolore aliquid reiciendis sequi quae sit. Tempore repellat numquam odio culpa occaecati dolorum. Eligendi culpa ad eligendi et quidem.','quasi','770',NULL,'1976-09-13 00:02:32','1995-05-22 08:38:32'),
('74','74','74','Totam ut sint minima quidem quos iure quas. Dolorum non modi nulla praesentium. Sequi repellat voluptatum et modi nemo accusamus impedit.','ex','5',NULL,'1993-02-10 23:21:23','1985-05-06 11:05:47'),
('75','75','75','Ab cum aut facere quas alias. Dolorem sit voluptas quam id maxime voluptas saepe. Consequuntur earum sapiente cumque perferendis modi molestias iusto.','facilis','194462',NULL,'1973-08-19 16:01:29','1978-01-28 21:54:44'),
('76','76','76','Expedita quidem inventore eligendi nihil natus et cum minima. Consectetur totam sapiente neque dolorem odit sit qui. Molestiae laborum nostrum cupiditate dolores aut et atque. Ducimus facilis et eos molestiae in illo velit.','fugit','7',NULL,'2007-05-28 08:16:00','2006-04-12 23:54:21'),
('77','77','77','Vero in numquam voluptatem maxime qui sit. Omnis aliquam qui aliquid occaecati tenetur quaerat at voluptas. Sit placeat ipsam voluptatibus ut dolor repellat. Similique quasi accusantium recusandae alias esse possimus velit eos.','totam','720215',NULL,'1971-07-13 20:00:52','2001-07-30 05:15:42'),
('78','78','78','Commodi ut omnis porro officia voluptatem sunt. Quia fugiat ea perspiciatis consequuntur perspiciatis accusamus harum. Vel et atque odit. Reprehenderit incidunt quis in temporibus laudantium voluptas sit fuga. Est veritatis dolores eos consequatur est quis repellat.','atque','696070203',NULL,'1997-11-20 14:55:45','1994-02-26 15:01:37'),
('79','79','79','Rem et aliquam in distinctio. Porro dolorum sint aliquam aut ducimus id provident consequatur. Beatae sed a laborum perferendis consectetur exercitationem beatae. Eum pariatur corrupti modi in.','quisquam','48',NULL,'2011-06-01 14:37:43','2000-11-07 13:50:31'),
('80','80','80','Recusandae molestiae ut sunt expedita minima ratione. Voluptates repellat nesciunt non vel laboriosam. Autem eum et voluptatem sunt tempore maxime.','et','914122255',NULL,'2003-08-26 19:31:14','1972-03-03 03:08:48'),
('81','81','81','Asperiores similique culpa commodi minima. Perferendis velit omnis optio at maiores et praesentium aliquam. Vel ad sequi molestiae aut harum voluptas itaque. Ut qui adipisci dolor culpa.','unde','0',NULL,'1978-10-10 23:56:49','1971-04-27 13:29:52'),
('82','82','82','Harum sed beatae ratione consequatur est accusantium et. Inventore inventore quod reprehenderit voluptas placeat ducimus quidem. Quaerat sequi saepe iste nulla tempore consequuntur excepturi in. Corporis vel ut et aliquam dolore ut corporis.','error','2',NULL,'2014-06-14 15:50:12','2014-04-04 21:48:45'),
('83','83','83','Omnis nam laboriosam et eum dolore qui cum. Neque velit perspiciatis veritatis. Consequatur enim quod repellendus ipsa ullam hic vel. Rerum quia quas labore unde sequi et totam.','et','779326',NULL,'1986-08-04 03:21:56','1996-09-25 10:37:54'),
('84','84','84','Ut inventore facilis praesentium blanditiis sunt eum deleniti alias. Earum error commodi est molestiae. Neque voluptates et est voluptatibus.','velit','93',NULL,'1981-03-11 23:38:11','1970-01-18 14:24:10'),
('85','85','85','Quas quis placeat recusandae quia repudiandae similique aut. Repellendus voluptas est est quia porro eum dolor.','saepe','92111958',NULL,'2012-12-18 13:34:37','1975-12-22 02:42:31'),
('86','86','86','Dicta nihil et velit sit voluptates deleniti provident. Numquam ut omnis eligendi beatae sed repellendus. Modi est quibusdam qui et recusandae. Eveniet aut velit quia dicta inventore eos.','est','81',NULL,'2015-07-01 03:41:58','1989-06-22 10:13:26'),
('87','87','87','Ad dolore tenetur rerum nostrum atque. Necessitatibus officia nisi saepe aspernatur. Optio veniam eligendi eaque deleniti exercitationem culpa. Voluptas quidem iusto tempora omnis eum culpa.','iure','99',NULL,'1977-06-24 06:34:35','1999-12-13 23:57:37'),
('88','88','88','Voluptatem dolores corrupti sequi voluptates. Tempora officia quo sapiente quia velit impedit. Ut repudiandae ut consequatur maxime qui sit.','esse','277',NULL,'2014-07-25 12:25:41','2003-04-07 02:23:47'),
('89','89','89','Dolorem temporibus expedita natus consequatur ab. Minus nam ad sed eum corporis accusamus. Animi tenetur laudantium et omnis enim accusantium.','inventore','2339372',NULL,'1977-08-25 01:13:17','2000-12-19 11:55:29'),
('90','90','90','Aliquid expedita excepturi placeat molestias eaque aperiam. Ea sed debitis repellendus hic. Error quis necessitatibus impedit molestiae quia aut.','repudiandae','99858',NULL,'1987-05-30 17:23:25','1976-12-29 14:10:22'),
('91','91','91','Facere aut illo aut placeat dolores eaque laborum non. Autem ea illo aliquam sit quo odit nesciunt.','alias','132849528',NULL,'2006-05-09 04:57:03','1977-03-15 02:16:59'),
('92','92','92','Distinctio aut consequatur sed tempora. Aut deleniti corrupti ea accusantium aut commodi. Deleniti fugiat ipsam iusto cupiditate tenetur est. Soluta ab sit ut pariatur dolor ipsum. Rerum sit sint consectetur possimus.','molestiae','50246212',NULL,'1992-09-29 08:01:44','2009-09-18 15:28:38'),
('93','93','93','Quae facilis accusantium amet ad sint sunt blanditiis. Ut quae sequi reiciendis doloribus. Autem excepturi et dolores vel ut deleniti. Nihil sint rerum similique officiis quidem sint.','illo','140795948',NULL,'1973-10-02 05:32:43','2013-04-09 08:38:19'),
('94','94','94','Alias rerum doloremque necessitatibus vitae eos. Voluptatem voluptates molestias blanditiis laborum dolorem voluptatem iusto. Error similique voluptatem beatae fugiat eligendi.','nam','1338687',NULL,'2000-10-26 16:55:00','2014-12-23 05:17:44'),
('95','95','95','Debitis qui et temporibus iusto qui esse libero. Dolores eum ab et minima ab. Molestiae omnis quasi nemo ut sed ex. Perferendis sunt placeat aut vel aspernatur quidem.','qui','916',NULL,'2015-12-13 15:02:27','1971-11-22 17:56:21'),
('96','96','96','Ut alias est et qui quis. Aliquid provident dolor harum recusandae consequuntur nihil animi. Modi tenetur earum ut illo voluptate.','culpa','9023315',NULL,'1998-08-01 10:31:12','1981-08-11 00:45:39'),
('97','97','97','Error tempore quis error distinctio dolor quia et. Consequatur modi tempora et dolores. Dolorem possimus sequi minus repellat. Alias dolores vel neque accusamus aut.','ut','824355910',NULL,'1988-08-03 14:23:40','1979-03-25 13:43:54'),
('98','98','98','Ut ducimus unde nihil sit necessitatibus officiis. Omnis accusantium sunt earum aut. Quis ullam quo explicabo porro qui numquam eum.','et','7427',NULL,'1994-10-05 00:02:09','1977-07-08 09:36:47'),
('99','99','99','Voluptates omnis voluptatum eos nesciunt ut culpa. Est nesciunt in corporis provident nesciunt aliquid vel. Provident est saepe recusandae voluptas eligendi. Iste libero consequatur voluptas at velit dolorem exercitationem.','vel','8333',NULL,'1986-09-16 15:42:13','1998-01-08 00:46:45'),
('100','100','100','Alias quae quia ad ut aliquid cum. Et hic aliquam expedita cumque et tenetur. Enim et iure tempore reiciendis veritatis nobis. Cupiditate odit fugiat qui nam consequatur pariatur.','et','20892',NULL,'1997-12-17 14:30:09','1979-10-25 10:27:31'); 


DROP TABLE IF EXISTS `media_types`;
CREATE TABLE `media_types` (
  `id` bigint(20) unsigned NOT NULL AUTO_INCREMENT,
  `name` varchar(200) COLLATE utf8_unicode_ci DEFAULT NULL,
  PRIMARY KEY (`id`)
) ENGINE=InnoDB AUTO_INCREMENT=101 DEFAULT CHARSET=utf8 COLLATE=utf8_unicode_ci;

INSERT INTO `media_types` VALUES ('1','aut'),
('2','ut'),
('3','laborum'),
('4','fugit'),
('5','quae'),
('6','nulla'),
('7','explicabo'),
('8','voluptate'),
('9','dolores'),
('10','corporis'),
('11','ea'),
('12','et'),
('13','voluptatem'),
('14','corrupti'),
('15','aut'),
('16','ab'),
('17','a'),
('18','sequi'),
('19','qui'),
('20','quas'),
('21','quia'),
('22','rerum'),
('23','ullam'),
('24','suscipit'),
('25','debitis'),
('26','doloremque'),
('27','quos'),
('28','rerum'),
('29','minima'),
('30','accusantium'),
('31','vel'),
('32','quod'),
('33','maxime'),
('34','sint'),
('35','et'),
('36','numquam'),
('37','nisi'),
('38','voluptatum'),
('39','non'),
('40','enim'),
('41','ullam'),
('42','veritatis'),
('43','hic'),
('44','odio'),
('45','tempora'),
('46','sint'),
('47','vero'),
('48','deserunt'),
('49','incidunt'),
('50','enim'),
('51','repellendus'),
('52','error'),
('53','voluptatem'),
('54','magni'),
('55','saepe'),
('56','qui'),
('57','molestiae'),
('58','aut'),
('59','qui'),
('60','eaque'),
('61','aut'),
('62','nobis'),
('63','deserunt'),
('64','odit'),
('65','ea'),
('66','fugit'),
('67','quia'),
('68','sint'),
('69','voluptates'),
('70','porro'),
('71','sunt'),
('72','id'),
('73','maiores'),
('74','asperiores'),
('75','labore'),
('76','consequuntur'),
('77','autem'),
('78','et'),
('79','officiis'),
('80','eos'),
('81','voluptates'),
('82','nulla'),
('83','saepe'),
('84','et'),
('85','ad'),
('86','fugit'),
('87','in'),
('88','soluta'),
('89','eveniet'),
('90','incidunt'),
('91','deleniti'),
('92','et'),
('93','nulla'),
('94','dolor'),
('95','corporis'),
('96','totam'),
('97','sapiente'),
('98','accusantium'),
('99','aut'),
('100','rerum'); 


DROP TABLE IF EXISTS `messages`;
CREATE TABLE `messages` (
  `id` bigint(20) unsigned NOT NULL AUTO_INCREMENT,
  `from_user_id` bigint(20) unsigned NOT NULL,
  `to_user_id` bigint(20) unsigned NOT NULL,
  `body` text COLLATE utf8_unicode_ci DEFAULT NULL,
  `created_at` datetime DEFAULT current_timestamp(),
  PRIMARY KEY (`id`),
  KEY `from_user_id` (`from_user_id`),
  KEY `to_user_id` (`to_user_id`),
  CONSTRAINT `messages_ibfk_1` FOREIGN KEY (`from_user_id`) REFERENCES `users` (`id`),
  CONSTRAINT `messages_ibfk_2` FOREIGN KEY (`to_user_id`) REFERENCES `users` (`id`)
) ENGINE=InnoDB AUTO_INCREMENT=101 DEFAULT CHARSET=utf8 COLLATE=utf8_unicode_ci;

INSERT INTO `messages` VALUES ('1','1','1','Veniam odio consequatur ad expedita quisquam quos recusandae incidunt. Aspernatur atque ut et laboriosam dolores quis atque nam.','2010-04-22 23:41:18'),
('2','2','2','Eum rerum nesciunt quaerat dolores. Ea quod porro minus suscipit ullam explicabo itaque consequatur. Qui nisi labore provident iste quaerat ex. Similique nihil voluptas quas quia voluptatem.','1998-09-28 01:41:34'),
('3','3','3','Cumque corporis corrupti saepe repellat. Numquam qui iusto est et. Quia iure repellat officia est et.','1970-08-23 11:53:29'),
('4','4','4','Cumque amet expedita odio qui dolore hic. Quaerat asperiores sit atque sit qui. Est adipisci explicabo laudantium laudantium dolore. Eum cum ratione quia quod. Aperiam delectus consequatur et dolore rerum officia.','1976-07-09 01:15:50'),
('5','5','5','At exercitationem quidem distinctio perspiciatis qui. Suscipit ea eveniet corporis inventore beatae consequatur impedit. Adipisci ut rem qui.','1984-04-10 19:24:50'),
('6','6','6','Explicabo dicta eligendi autem autem cumque ullam temporibus. Quos id non et quas.','2018-01-22 19:49:12'),
('7','7','7','Ipsam fugiat enim similique praesentium necessitatibus quia dolor. Atque enim eligendi vitae deserunt. Accusantium voluptate quos non. Atque nesciunt et consequatur. Cupiditate aut consequatur cupiditate voluptas est laborum libero laborum.','1984-05-24 16:23:27'),
('8','8','8','Laborum repellendus omnis sit animi quo. Accusantium eaque eos repellat ab nobis eveniet est. Excepturi dolores ut harum neque ipsa.','1975-02-01 10:15:54'),
('9','9','9','Autem consequatur laboriosam molestiae omnis voluptates quo. Cupiditate consequatur laborum voluptas consequuntur. Non aut minus deserunt iure quod. Doloremque mollitia et ratione nobis aut omnis.','2013-04-01 17:06:27'),
('10','10','10','Voluptatum vel dolores illum illo qui quibusdam. Mollitia dolorem dolorem possimus quia pariatur. Officiis et et temporibus cupiditate ut omnis debitis.','1986-05-30 09:17:55'),
('11','11','11','Odit sapiente magnam rem itaque architecto. Quia delectus perspiciatis hic perferendis. Commodi ex distinctio illum amet illum molestiae.','1995-01-05 05:09:47'),
('12','12','12','Qui laborum accusantium numquam repudiandae rerum. Harum minima et at doloribus voluptatum consequatur. Omnis qui eum accusantium repellendus qui optio. Porro rem delectus dolorem.','1972-03-10 15:01:56'),
('13','13','13','Atque corrupti error sunt. At consequatur maxime enim nisi omnis. Aut libero accusamus qui necessitatibus maiores. Autem optio consequatur quas.','2007-06-21 02:02:46'),
('14','14','14','Optio dolorem numquam voluptatem earum eum dicta molestiae nesciunt. Blanditiis quae ullam et eos eius cum voluptatem enim. Vitae rerum repellendus libero laudantium.','2011-08-07 11:48:04'),
('15','15','15','Nemo dicta placeat et perspiciatis dolorum quaerat. Alias qui voluptatem veritatis cum. Dicta saepe ex sequi a. Perferendis nulla et maxime quia vitae sit. Magni et officiis consectetur quam doloremque.','1992-01-06 22:17:05'),
('16','16','16','Dolorum est ducimus est iste incidunt sit facilis. Modi vitae officia error mollitia animi. Aut ut quia consequatur minus omnis. Quos numquam amet tempora numquam. Consequatur quas nostrum a dolores ipsa.','2016-12-11 20:52:50'),
('17','17','17','Beatae ipsam totam iste quis qui dolores laborum. Delectus enim voluptates laboriosam qui reprehenderit earum ullam. Deleniti ut dignissimos sunt quia sapiente nesciunt. Facere officia odit voluptatum provident. Voluptatibus saepe aut est error et.','2009-03-10 04:29:02'),
('18','18','18','Aut cumque et exercitationem magnam aut qui veniam. Qui cupiditate aliquid esse saepe. Sint et ut amet aperiam et labore qui. Tempore dolores incidunt libero at quia.','1996-06-15 20:23:50'),
('19','19','19','Accusantium quod perspiciatis soluta a laudantium alias vel dignissimos. Necessitatibus voluptatem ab cupiditate possimus ea deserunt corporis molestiae. Est doloremque aperiam temporibus non pariatur ducimus veritatis. Rerum rerum harum et fuga. Provident dolores adipisci error enim voluptas.','1995-02-11 23:29:53'),
('20','20','20','Fugit aut ut dolorem facilis id dicta. Veniam ipsa ipsam nihil sed qui.','1983-05-12 03:16:46'),
('21','21','21','Est maiores sint deserunt modi nihil. Molestias aut est quia distinctio.','1972-06-06 10:43:47'),
('22','22','22','Mollitia sint quae quaerat est maxime. Ut omnis tenetur architecto. Culpa distinctio eaque quibusdam occaecati facere quo commodi.','2018-06-13 00:43:54'),
('23','23','23','Aut incidunt voluptas quo laborum non fugit. Officiis aperiam omnis reprehenderit sed dolorem. Quod sunt modi animi velit.','2009-05-02 03:01:00'),
('24','24','24','Consequuntur nostrum dignissimos itaque. Incidunt iusto et aut unde autem necessitatibus. Facilis perferendis incidunt mollitia pariatur eligendi sed placeat. Assumenda distinctio cumque ut.','1970-09-28 20:11:46'),
('25','25','25','Non qui incidunt dolores aut magni. Sunt quia quidem dolor id assumenda numquam. Enim amet vero eum sunt voluptatem sunt nam. Necessitatibus ut id sequi natus modi totam.','2003-12-04 09:37:22'),
('26','26','26','Optio recusandae pariatur libero voluptatem cumque et. Corrupti asperiores blanditiis quisquam ut libero fugit. Quos dolorem quia est et eveniet.','1998-08-17 12:00:05'),
('27','27','27','Modi nisi aperiam quae in tenetur. Sequi asperiores similique tenetur. Nostrum esse itaque culpa cumque animi eum. Occaecati sit aut quia quia facilis molestias id.','2003-10-14 08:41:04'),
('28','28','28','Et dicta eum quia harum vel consequuntur accusantium. Et aut quia at et. Eveniet quos cumque non doloribus voluptas deserunt amet.','2008-02-18 02:45:09'),
('29','29','29','Facilis sit voluptatem eligendi et nihil accusamus saepe nostrum. Voluptates est voluptatem corporis minima recusandae sint rerum nobis. Occaecati cumque corporis dicta fuga culpa placeat. Sit qui quod et.','1999-02-06 22:45:13'),
('30','30','30','Consequuntur minus autem illum eum optio vel voluptatem. Non iure voluptas et nulla sequi nihil praesentium. Rem quos saepe odio.','2016-03-21 04:06:52'),
('31','31','31','Eum itaque consequatur et. Consequatur commodi sed non ducimus qui expedita sequi recusandae. Nihil rerum quaerat dolores et. Reiciendis sit quia animi a eius sed. Magnam ipsa sapiente deserunt.','1978-06-22 19:40:19'),
('32','32','32','Consectetur culpa unde molestiae unde fugiat temporibus. Error est consequatur fugiat dolore omnis. Dicta minus magni consequatur explicabo quia magni. Voluptatem sequi qui qui facilis fuga molestias non.','2010-11-21 13:18:08'),
('33','33','33','Quisquam aut ut eveniet. Sit aut enim deleniti dolor. Sit est ab culpa dolorem et nobis.','1979-10-28 19:05:25'),
('34','34','34','Ut nobis consequatur eum blanditiis a. Non nesciunt ratione perspiciatis impedit. Provident consectetur officia eius esse autem repellat.','2002-02-14 01:46:20'),
('35','35','35','Id sed ut quia alias dolorum error impedit ut. Aliquam quidem ut aut tempore enim. Accusantium doloremque ut exercitationem cupiditate dolores accusantium minus et.','2001-02-28 18:52:19'),
('36','36','36','Qui qui non repellendus quos sit. Natus ab provident aut laborum rerum. Qui laboriosam qui veniam voluptatum quia dignissimos. Dolore nisi consectetur molestiae maiores.','1978-04-02 19:40:52'),
('37','37','37','Iure temporibus voluptatem quia architecto. Sit tempora sunt minus totam nihil voluptates voluptas. Sit porro neque deserunt laborum. Ad ratione ex eius architecto soluta.','1975-08-12 01:51:51'),
('38','38','38','Omnis delectus laboriosam eum debitis ipsam ea nobis. Mollitia vel expedita iste autem quis. Distinctio a quo harum libero pariatur quos. Fuga sed adipisci ut consectetur. Eveniet nobis ipsa voluptatem ut voluptatem id.','1999-04-24 04:31:37'),
('39','39','39','Mollitia iste ratione perferendis accusamus velit magnam. Voluptatem adipisci possimus facere quia aliquid.','1978-05-10 19:53:57'),
('40','40','40','At est cumque sunt quo. Soluta quas tempore voluptatem praesentium aspernatur. Fuga facere aut ut quia.','1983-09-08 06:19:23'),
('41','41','41','Tempore ut a harum error temporibus sunt sint nemo. Perferendis minima et expedita sint corrupti totam aliquam. Dolores id autem ea corrupti. Illo ab occaecati unde est porro omnis adipisci voluptatem.','1994-10-25 07:29:08'),
('42','42','42','Nihil suscipit nostrum velit ratione et. Officia sapiente sit quo et vero ut ullam ratione. Accusamus amet omnis omnis officiis doloremque ducimus ut.','1972-03-07 09:50:14'),
('43','43','43','In in sint pariatur quae dolores. Itaque quas ut maiores et a animi. Iure totam inventore itaque recusandae qui.','2000-11-10 14:52:16'),
('44','44','44','Architecto cumque sed sunt voluptate reprehenderit quo. Excepturi possimus qui officiis commodi et sint impedit. Repellendus esse aut id voluptatem.','2019-02-01 10:22:19'),
('45','45','45','Voluptatem dolor quidem voluptatibus asperiores et. Aut accusantium eveniet fugit qui laboriosam et hic facilis. Sint ut omnis saepe aperiam et quas est. Debitis optio totam at tenetur iure sit quae.','2019-01-12 06:30:44'),
('46','46','46','Voluptas eaque officia voluptatem qui dolorem atque non dolorem. In sequi dolor repellat temporibus cupiditate deleniti. Tenetur cupiditate corrupti voluptate voluptatum repudiandae commodi natus. Ipsa sit et exercitationem molestias veritatis velit.','1993-07-24 15:37:48'),
('47','47','47','Dolor quis vel voluptatem iure. Itaque voluptates dolor consequatur magni recusandae ea exercitationem. Voluptas ea nihil est eligendi earum.','2013-06-16 05:52:34'),
('48','48','48','Quasi sint hic voluptate minima dolore tempore ut. Sint id quidem quas corporis sint iusto. Autem maxime iusto quaerat.','2017-03-03 19:48:56'),
('49','49','49','Facilis quisquam praesentium id architecto distinctio quaerat quae. Ad a inventore magni temporibus. Iusto dolorem tenetur modi officia. Nihil in numquam sunt.','1993-12-12 08:16:51'),
('50','50','50','Dolore dolores omnis dolores sequi iure. Nam consequatur suscipit perferendis quia quae architecto. Autem est aspernatur consequatur fuga inventore earum. Maxime reprehenderit quae distinctio aut. Optio corrupti dolores ratione ipsa est beatae.','2003-12-27 09:51:50'),
('51','51','51','Repellat laborum sit eum quas ut aspernatur. Eligendi et corrupti voluptatibus aliquid quis harum optio. Quaerat molestias voluptatem est sed repudiandae ad.','1999-03-22 10:31:45'),
('52','52','52','Est ratione sed aut omnis qui animi sapiente. Ea dolorum earum dolore dolores magni. Magnam sunt sequi veniam. Cumque libero et eos voluptatem id.','2008-04-03 04:20:31'),
('53','53','53','Ut aspernatur soluta officia dolorum. Sed qui ullam accusamus quisquam quos aut. Sapiente occaecati aut aut accusantium nobis dolore.','1999-07-29 23:01:48'),
('54','54','54','Sunt eos rerum vitae esse autem eligendi nobis. Et rerum illo ut sunt. Quaerat et voluptas ipsum esse vel inventore incidunt aut.','1987-02-02 06:44:27'),
('55','55','55','Molestiae consequatur magnam totam eum iure quaerat sint aut. Enim qui dolorem qui nemo commodi.','1984-08-28 16:08:43'),
('56','56','56','Quis dolor est ut rerum totam. Rerum aut consequuntur delectus vitae nihil similique omnis. Natus est a molestiae tempora ut. Alias numquam omnis quisquam explicabo voluptatem enim aspernatur.','1996-01-25 14:18:41'),
('57','57','57','Qui velit voluptatem eius animi illo quo. Rem consequatur qui explicabo qui.','2002-11-19 13:41:48'),
('58','58','58','Consequatur eveniet veritatis qui suscipit reiciendis aliquid alias. Dolorem explicabo dolorem est dicta non quibusdam non. Vitae qui hic sunt natus nihil voluptatum.','2000-09-29 14:43:54'),
('59','59','59','Eaque excepturi molestiae consequatur sunt repellat autem eum. Quam iste exercitationem et nostrum ullam rem ut. Ipsam architecto aperiam ea id earum quae.','2015-10-25 14:17:40'),
('60','60','60','Eaque architecto ut est dolor velit provident accusamus. Odit facere at neque ipsum itaque. Et voluptatem iure dolorem laborum.','1974-03-02 11:29:10'),
('61','61','61','Aut et culpa at ad. Atque officiis ipsum quia qui. Voluptas odit laborum maxime minus.','1998-04-16 10:48:30'),
('62','62','62','Magnam sunt optio quaerat vel. Sed quam ut eos ut fugit quos ipsa. Impedit quae quod ducimus quasi culpa.','2016-02-09 19:40:23'),
('63','63','63','Vel ut maiores omnis incidunt. Voluptas dignissimos porro vel provident quae commodi rerum et. Delectus et expedita sed tempore dolor suscipit. Consequuntur quos suscipit dignissimos. Quae sint vel dignissimos qui expedita.','2005-06-10 13:16:23'),
('64','64','64','Et laudantium vel nulla deserunt eum optio qui. Nesciunt magni quis corporis est ut vero libero. Iste et ut et autem.','2012-12-20 14:22:11'),
('65','65','65','Qui quidem rerum perferendis sed quis. Quia quia in nulla ut sint ut ducimus. Vero voluptatibus iusto porro voluptatem aspernatur cumque culpa. Numquam est sed perspiciatis.','1986-01-20 19:03:55'),
('66','66','66','Non voluptates libero consequatur in. Omnis at sequi nobis et sed. Expedita est in facilis rerum.','1973-12-03 05:41:56'),
('67','67','67','Ex ut et inventore aut quos rerum sit. Non dicta ullam unde ex perspiciatis. Officia ipsa animi necessitatibus in sapiente ut itaque.','1994-01-11 11:58:24'),
('68','68','68','Eos dolorum explicabo veniam eum magni eveniet. Culpa suscipit ipsam consequuntur dolorum tempora consequatur. Ratione aliquid et illum autem molestiae. Qui nisi dignissimos et perspiciatis impedit.','2003-05-05 02:51:25'),
('69','69','69','Eum ea tempore molestias voluptatem eaque ut accusantium. Sequi ea voluptatem voluptatum tenetur.','1993-06-22 19:50:50'),
('70','70','70','Reprehenderit omnis et corporis illum maiores. Est ullam accusantium mollitia eos asperiores cum sit. Id at neque culpa voluptate quis adipisci perferendis. Rerum maxime fuga enim est earum illum.','1975-02-01 17:00:38'),
('71','71','71','Asperiores nesciunt tempora eveniet officia et tempora. Facilis quod quo quis incidunt illo atque dolor. Repellendus eos laboriosam ullam dolor.','2004-04-23 14:56:48'),
('72','72','72','Iure ea facilis ea quas. Qui voluptatibus perspiciatis ut id tempore officiis et nesciunt. Et laudantium dicta natus veniam libero. Quia vero tempora voluptas vel dolore.','1989-09-17 14:34:02'),
('73','73','73','Eligendi quaerat qui fugiat qui. Rem nihil quia qui quos consequatur. Est molestiae pariatur quis perspiciatis dignissimos qui mollitia.','2009-06-16 03:07:11'),
('74','74','74','Animi molestias consequatur animi dolore. Voluptates recusandae exercitationem est autem doloribus necessitatibus quas. Numquam voluptatem asperiores itaque ad deleniti labore doloremque.','2016-09-18 19:09:32'),
('75','75','75','Tempore deserunt sunt ut aut. Ipsam laudantium ipsam nihil voluptas hic saepe iusto. Perspiciatis nesciunt sint aut sint debitis ducimus voluptatem.','1993-06-14 14:28:47'),
('76','76','76','Necessitatibus voluptas aliquam repellat dolore. Velit perferendis veritatis est eligendi dolor odit ipsa. Hic dolorum voluptatem inventore odio provident. Dolorum minus aperiam et eos et asperiores iste.','2012-06-14 18:48:56'),
('77','77','77','Nesciunt doloribus nostrum maiores dolorem. Minus quo et eum nihil illo et maxime. Nihil soluta modi dolorem earum molestiae recusandae voluptatem. Rerum expedita eligendi fugit.','1995-12-13 11:23:12'),
('78','78','78','Dignissimos aliquam eveniet temporibus distinctio. Ipsam mollitia asperiores explicabo officiis. Voluptatem possimus aut blanditiis in.','2013-10-22 06:29:46'),
('79','79','79','Totam enim impedit dolorum occaecati. Eos voluptate exercitationem est veritatis. Voluptate ut sint eum qui officiis itaque. Facere atque porro quam similique qui.','2002-07-19 16:35:00'),
('80','80','80','Occaecati eum natus eligendi sunt tenetur delectus ut ut. Sequi officia tempore omnis ex nesciunt sed.','1998-02-21 06:08:18'),
('81','81','81','Dignissimos voluptas itaque nihil facilis necessitatibus explicabo laudantium. Pariatur expedita ullam repudiandae autem iusto aut et fugit. Quod error et sed corporis suscipit ut.','2002-09-10 12:47:39'),
('82','82','82','Sapiente distinctio amet ratione ut soluta necessitatibus explicabo. Quia quis omnis pariatur libero aut. Velit impedit est et odio.','1986-10-16 03:57:48'),
('83','83','83','Dolor occaecati esse autem velit impedit. Repellendus modi aspernatur maiores atque ut ex. Voluptatem cupiditate aut sit delectus ipsa enim dicta. Ut ea magnam ea aspernatur.','2008-05-10 14:13:44'),
('84','84','84','Rerum et rerum ipsum. Ab voluptas et nemo natus illo. Accusantium adipisci consequatur cum voluptatem laudantium et debitis perspiciatis. Aperiam aperiam vitae distinctio alias tempore ipsa.','1982-09-16 20:52:48'),
('85','85','85','Qui corrupti voluptatem dolor laborum reiciendis minus. Voluptatum incidunt eius quod illo odio. Voluptatum quam illum architecto repudiandae delectus nisi. Esse possimus sunt veniam voluptatibus natus odit.','2014-04-28 08:26:04'),
('86','86','86','Tenetur ullam velit id autem atque blanditiis. Non hic est corporis porro dolor fugit. Numquam eos unde enim est.','2004-11-14 15:56:21'),
('87','87','87','Asperiores rem hic iste corrupti ratione velit. Commodi libero occaecati qui eum hic eum a. Repellat sequi expedita deserunt quisquam enim perspiciatis.','1978-09-21 07:10:21'),
('88','88','88','Et in aliquam sed saepe et dolores. At rem fuga sed fuga odit omnis hic ratione. Ea veritatis ratione aut animi. Possimus eum aperiam quo officiis est nemo.','1971-04-08 18:13:56'),
('89','89','89','Et doloremque earum vero ex quae ut. Nostrum a molestiae deleniti veritatis dolore voluptatibus id. Odit dignissimos occaecati nesciunt in sapiente velit. Officia dolor et et dolores quasi in consequatur.','1982-02-13 20:43:16'),
('90','90','90','Nesciunt et quae et reiciendis. Iusto nobis porro et sit tempore. Ea totam sint dolorem qui in eaque id. Unde ipsam nostrum magnam repellendus fuga est aliquid velit.','1993-05-13 15:10:36'),
('91','91','91','Ea voluptatem ipsum accusamus. Nam placeat cupiditate quo eveniet repudiandae et eaque error. Harum eligendi molestias est.','1981-04-20 00:30:23'),
('92','92','92','Harum qui veritatis praesentium aliquid nihil. Similique quasi id voluptatem voluptates eligendi. Dicta dolore voluptas nostrum eos culpa.','1988-08-15 07:29:28'),
('93','93','93','Provident minima officia facere nisi omnis. Delectus doloribus debitis corporis velit unde. Temporibus suscipit sequi in repellat quod velit corrupti sapiente.','1986-09-22 19:58:24'),
('94','94','94','Expedita beatae error autem sit aliquid nihil. Esse quidem esse corporis ut enim natus quis deserunt. Hic voluptatem quibusdam voluptas aliquid vitae.','2014-07-08 18:31:55'),
('95','95','95','Quaerat neque dolores aut sapiente voluptatem officiis ad sunt. Tenetur quod enim et dolores qui enim. Quam aut hic asperiores qui cupiditate pariatur. Dolorem exercitationem hic temporibus aut quaerat.','2017-05-13 22:39:20'),
('96','96','96','Culpa impedit odio et animi fugit eos nihil. Aut repellendus eum quidem. Odio non corporis voluptatem enim dolore.','1970-01-11 11:46:58'),
('97','97','97','Voluptatem nesciunt sed non et quia consequatur voluptates ipsam. Accusantium reiciendis sunt omnis.','1995-11-28 12:22:01'),
('98','98','98','Laboriosam nihil ea pariatur minima velit. Rerum in vero beatae. Eos rerum et officia voluptatum vitae adipisci. Ut quos delectus reiciendis consequuntur voluptates porro necessitatibus. Soluta nemo et minus vel necessitatibus.','1982-09-08 06:53:01'),
('99','99','99','Libero nemo commodi iusto dolorum officia. Omnis eos dolorum praesentium qui animi ipsa. Ratione quibusdam quisquam reiciendis accusantium et placeat quidem.','1977-10-01 09:14:27'),
('100','100','100','Provident officia ut voluptas maxime quam nemo. Vero illo voluptas est aut sit quisquam quia. At ipsum deserunt eaque fugiat eaque. Sed eum autem ut blanditiis explicabo ducimus.','2014-09-17 05:26:27'); 


DROP TABLE IF EXISTS `photo_albums`;
CREATE TABLE `photo_albums` (
  `id` bigint(20) unsigned NOT NULL AUTO_INCREMENT,
  `name` varchar(200) COLLATE utf8_unicode_ci DEFAULT NULL,
  `user_id` bigint(20) unsigned NOT NULL,
  PRIMARY KEY (`id`),
  UNIQUE KEY `id` (`id`),
  KEY `user_id` (`user_id`),
  CONSTRAINT `photo_albums_ibfk_1` FOREIGN KEY (`user_id`) REFERENCES `users` (`id`)
) ENGINE=InnoDB AUTO_INCREMENT=101 DEFAULT CHARSET=utf8 COLLATE=utf8_unicode_ci;

INSERT INTO `photo_albums` VALUES ('1','maxime','1'),
('2','culpa','2'),
('3','corporis','3'),
('4','aut','4'),
('5','sit','5'),
('6','maxime','6'),
('7','aliquid','7'),
('8','velit','8'),
('9','nobis','9'),
('10','rerum','10'),
('11','et','11'),
('12','architecto','12'),
('13','autem','13'),
('14','natus','14'),
('15','alias','15'),
('16','autem','16'),
('17','occaecati','17'),
('18','et','18'),
('19','rem','19'),
('20','modi','20'),
('21','placeat','21'),
('22','magni','22'),
('23','suscipit','23'),
('24','quae','24'),
('25','repellat','25'),
('26','delectus','26'),
('27','ullam','27'),
('28','debitis','28'),
('29','ut','29'),
('30','eaque','30'),
('31','hic','31'),
('32','ducimus','32'),
('33','et','33'),
('34','asperiores','34'),
('35','suscipit','35'),
('36','et','36'),
('37','sint','37'),
('38','placeat','38'),
('39','architecto','39'),
('40','officia','40'),
('41','expedita','41'),
('42','sed','42'),
('43','reiciendis','43'),
('44','et','44'),
('45','praesentium','45'),
('46','rerum','46'),
('47','nobis','47'),
('48','minima','48'),
('49','similique','49'),
('50','ipsa','50'),
('51','aut','51'),
('52','ex','52'),
('53','molestias','53'),
('54','exercitationem','54'),
('55','sequi','55'),
('56','incidunt','56'),
('57','ullam','57'),
('58','consequuntur','58'),
('59','voluptatem','59'),
('60','autem','60'),
('61','aliquid','61'),
('62','ad','62'),
('63','minima','63'),
('64','eius','64'),
('65','commodi','65'),
('66','dolore','66'),
('67','et','67'),
('68','aut','68'),
('69','doloremque','69'),
('70','rerum','70'),
('71','ipsum','71'),
('72','ducimus','72'),
('73','fugiat','73'),
('74','vero','74'),
('75','ut','75'),
('76','quia','76'),
('77','recusandae','77'),
('78','rem','78'),
('79','voluptatem','79'),
('80','autem','80'),
('81','ad','81'),
('82','debitis','82'),
('83','tempore','83'),
('84','nostrum','84'),
('85','et','85'),
('86','non','86'),
('87','perferendis','87'),
('88','laudantium','88'),
('89','sit','89'),
('90','rerum','90'),
('91','ab','91'),
('92','ullam','92'),
('93','distinctio','93'),
('94','magni','94'),
('95','excepturi','95'),
('96','voluptatibus','96'),
('97','in','97'),
('98','numquam','98'),
('99','similique','99'),
('100','cupiditate','100'); 


DROP TABLE IF EXISTS `photos`;
CREATE TABLE `photos` (
  `id` bigint(20) unsigned NOT NULL AUTO_INCREMENT,
  `album_id` bigint(20) unsigned DEFAULT NULL,
  `media_id` bigint(20) unsigned DEFAULT NULL,
  PRIMARY KEY (`id`),
  UNIQUE KEY `id` (`id`),
  KEY `album_id` (`album_id`),
  KEY `media_id` (`media_id`),
  CONSTRAINT `photos_ibfk_1` FOREIGN KEY (`album_id`) REFERENCES `photo_albums` (`id`),
  CONSTRAINT `photos_ibfk_2` FOREIGN KEY (`media_id`) REFERENCES `media` (`id`)
) ENGINE=InnoDB AUTO_INCREMENT=101 DEFAULT CHARSET=utf8 COLLATE=utf8_unicode_ci;

INSERT INTO `photos` VALUES ('1','1','1'),
('2','2','2'),
('3','3','3'),
('4','4','4'),
('5','5','5'),
('6','6','6'),
('7','7','7'),
('8','8','8'),
('9','9','9'),
('10','10','10'),
('11','11','11'),
('12','12','12'),
('13','13','13'),
('14','14','14'),
('15','15','15'),
('16','16','16'),
('17','17','17'),
('18','18','18'),
('19','19','19'),
('20','20','20'),
('21','21','21'),
('22','22','22'),
('23','23','23'),
('24','24','24'),
('25','25','25'),
('26','26','26'),
('27','27','27'),
('28','28','28'),
('29','29','29'),
('30','30','30'),
('31','31','31'),
('32','32','32'),
('33','33','33'),
('34','34','34'),
('35','35','35'),
('36','36','36'),
('37','37','37'),
('38','38','38'),
('39','39','39'),
('40','40','40'),
('41','41','41'),
('42','42','42'),
('43','43','43'),
('44','44','44'),
('45','45','45'),
('46','46','46'),
('47','47','47'),
('48','48','48'),
('49','49','49'),
('50','50','50'),
('51','51','51'),
('52','52','52'),
('53','53','53'),
('54','54','54'),
('55','55','55'),
('56','56','56'),
('57','57','57'),
('58','58','58'),
('59','59','59'),
('60','60','60'),
('61','61','61'),
('62','62','62'),
('63','63','63'),
('64','64','64'),
('65','65','65'),
('66','66','66'),
('67','67','67'),
('68','68','68'),
('69','69','69'),
('70','70','70'),
('71','71','71'),
('72','72','72'),
('73','73','73'),
('74','74','74'),
('75','75','75'),
('76','76','76'),
('77','77','77'),
('78','78','78'),
('79','79','79'),
('80','80','80'),
('81','81','81'),
('82','82','82'),
('83','83','83'),
('84','84','84'),
('85','85','85'),
('86','86','86'),
('87','87','87'),
('88','88','88'),
('89','89','89'),
('90','90','90'),
('91','91','91'),
('92','92','92'),
('93','93','93'),
('94','94','94'),
('95','95','95'),
('96','96','96'),
('97','97','97'),
('98','98','98'),
('99','99','99'),
('100','100','100'); 


DROP TABLE IF EXISTS `profiles`;
CREATE TABLE `profiles` (
  `user_id` bigint(20) unsigned NOT NULL AUTO_INCREMENT,
  `gender` char(1) COLLATE utf8_unicode_ci DEFAULT NULL,
  `birthday` date DEFAULT NULL,
  `photo_id` bigint(20) unsigned DEFAULT NULL,
  `hometown` varchar(100) COLLATE utf8_unicode_ci DEFAULT NULL,
  `created_at` datetime DEFAULT current_timestamp(),
  PRIMARY KEY (`user_id`),
  CONSTRAINT `fk_user_id` FOREIGN KEY (`user_id`) REFERENCES `users` (`id`) ON DELETE NO ACTION ON UPDATE CASCADE
) ENGINE=InnoDB AUTO_INCREMENT=101 DEFAULT CHARSET=utf8 COLLATE=utf8_unicode_ci;

INSERT INTO `profiles` VALUES ('1',NULL,'2015-10-11','1',NULL,'1974-07-20 20:45:01'),
('2',NULL,'2000-08-29','2',NULL,'1978-10-23 14:53:26'),
('3',NULL,'1978-10-16','3',NULL,'1989-09-17 01:06:06'),
('4',NULL,'2000-10-15','4',NULL,'1988-07-25 06:13:21'),
('5',NULL,'1978-12-23','5',NULL,'1976-04-25 21:26:48'),
('6',NULL,'2015-11-21','6',NULL,'2009-02-01 03:26:18'),
('7',NULL,'1975-07-26','7',NULL,'1985-03-02 09:31:44'),
('8',NULL,'1995-04-04','8',NULL,'1995-03-05 13:11:56'),
('9',NULL,'1977-07-13','9',NULL,'2003-06-13 13:47:50'),
('10',NULL,'1977-10-03','10',NULL,'1978-04-22 21:00:03'),
('11',NULL,'1994-02-13','11',NULL,'2009-07-22 01:03:39'),
('12',NULL,'1970-07-22','12',NULL,'1989-10-19 04:31:03'),
('13',NULL,'1979-10-30','13',NULL,'1971-08-08 00:16:00'),
('14',NULL,'1983-10-09','14',NULL,'1971-10-07 14:12:35'),
('15',NULL,'2017-04-14','15',NULL,'1979-03-01 12:40:14'),
('16',NULL,'1991-04-01','16',NULL,'1994-07-20 10:36:17'),
('17',NULL,'1972-02-26','17',NULL,'2013-06-13 20:21:34'),
('18',NULL,'2015-10-02','18',NULL,'1999-09-27 16:35:55'),
('19',NULL,'2005-06-21','19',NULL,'1975-04-03 13:23:51'),
('20',NULL,'1994-11-18','20',NULL,'2002-02-20 16:35:37'),
('21',NULL,'1970-04-16','21',NULL,'1982-09-13 00:46:55'),
('22',NULL,'2014-07-12','22',NULL,'1999-03-03 13:05:47'),
('23',NULL,'1976-08-01','23',NULL,'2003-09-10 16:07:17'),
('24',NULL,'1984-04-25','24',NULL,'1979-03-24 07:02:51'),
('25',NULL,'1993-11-11','25',NULL,'2018-04-16 08:56:37'),
('26',NULL,'1974-08-29','26',NULL,'2011-08-11 19:14:27'),
('27',NULL,'2011-01-22','27',NULL,'1985-07-27 14:02:30'),
('28',NULL,'1999-07-23','28',NULL,'2005-12-13 06:37:30'),
('29',NULL,'1985-04-23','29',NULL,'2003-04-07 07:41:07'),
('30',NULL,'1977-08-07','30',NULL,'1999-08-26 04:57:40'),
('31',NULL,'1990-06-01','31',NULL,'2001-07-28 18:14:01'),
('32',NULL,'2007-10-04','32',NULL,'1981-07-03 13:33:04'),
('33',NULL,'1992-01-25','33',NULL,'2015-12-22 10:12:48'),
('34',NULL,'1992-09-14','34',NULL,'1994-11-29 18:09:32'),
('35',NULL,'2005-12-20','35',NULL,'1999-06-02 00:30:42'),
('36',NULL,'2005-12-30','36',NULL,'1975-12-21 01:09:53'),
('37',NULL,'1977-04-19','37',NULL,'1979-05-15 15:06:55'),
('38',NULL,'2005-03-26','38',NULL,'1974-10-17 00:18:40'),
('39',NULL,'1993-09-12','39',NULL,'1986-04-12 21:16:12'),
('40',NULL,'2015-04-17','40',NULL,'2006-12-27 14:15:27'),
('41',NULL,'2014-12-04','41',NULL,'1971-10-28 21:07:16'),
('42',NULL,'1989-08-14','42',NULL,'1977-12-28 06:40:03'),
('43',NULL,'2018-08-23','43',NULL,'1994-09-08 23:22:00'),
('44',NULL,'1994-02-09','44',NULL,'1993-09-20 15:11:45'),
('45',NULL,'1985-07-25','45',NULL,'1981-01-16 08:06:38'),
('46',NULL,'1973-08-05','46',NULL,'2000-03-27 06:50:21'),
('47',NULL,'1993-10-25','47',NULL,'1973-02-23 08:49:33'),
('48',NULL,'2002-06-16','48',NULL,'1971-11-18 07:30:02'),
('49',NULL,'2014-01-15','49',NULL,'2017-08-11 04:09:47'),
('50',NULL,'2006-10-06','50',NULL,'2004-07-27 10:16:26'),
('51',NULL,'1986-02-01','51',NULL,'2018-08-28 01:03:40'),
('52',NULL,'1981-11-11','52',NULL,'2006-01-14 21:16:44'),
('53',NULL,'1979-11-12','53',NULL,'1990-01-13 05:15:43'),
('54',NULL,'1982-12-09','54',NULL,'2013-04-20 01:48:04'),
('55',NULL,'1996-01-27','55',NULL,'2010-01-13 04:40:53'),
('56',NULL,'2018-02-05','56',NULL,'2006-06-09 18:30:17'),
('57',NULL,'1977-04-22','57',NULL,'1982-07-01 23:37:10'),
('58',NULL,'1970-05-19','58',NULL,'1982-07-30 20:40:42'),
('59',NULL,'1997-05-01','59',NULL,'1993-04-14 00:35:42'),
('60',NULL,'2010-01-10','60',NULL,'1981-05-19 23:14:31'),
('61',NULL,'2017-10-02','61',NULL,'2017-03-31 02:50:07'),
('62',NULL,'1994-06-19','62',NULL,'2010-02-10 19:35:35'),
('63',NULL,'1995-12-14','63',NULL,'1977-01-05 03:37:48'),
('64',NULL,'2005-06-30','64',NULL,'2006-07-04 19:27:18'),
('65',NULL,'2019-10-21','65',NULL,'1976-07-23 11:57:27'),
('66',NULL,'2000-08-08','66',NULL,'2017-03-25 15:20:04'),
('67',NULL,'2002-02-12','67',NULL,'2009-12-27 19:55:21'),
('68',NULL,'1976-03-09','68',NULL,'2006-12-06 14:18:58'),
('69',NULL,'2009-03-27','69',NULL,'1985-05-11 21:26:36'),
('70',NULL,'2004-12-30','70',NULL,'2017-12-06 10:26:12'),
('71',NULL,'2019-01-25','71',NULL,'2004-09-24 06:09:54'),
('72',NULL,'2000-10-05','72',NULL,'1981-04-02 12:01:45'),
('73',NULL,'2018-05-31','73',NULL,'2003-06-23 22:08:17'),
('74',NULL,'1972-03-12','74',NULL,'1980-11-23 14:04:03'),
('75',NULL,'2002-09-08','75',NULL,'2005-05-11 16:07:21'),
('76',NULL,'1985-09-01','76',NULL,'1973-06-21 18:32:26'),
('77',NULL,'1978-05-05','77',NULL,'1985-08-18 05:23:23'),
('78',NULL,'2002-01-13','78',NULL,'1987-11-20 18:23:50'),
('79',NULL,'2004-05-19','79',NULL,'1994-06-05 02:47:20'),
('80',NULL,'1985-10-20','80',NULL,'1989-03-01 12:47:37'),
('81',NULL,'1995-01-12','81',NULL,'2009-07-09 02:30:33'),
('82',NULL,'1997-07-14','82',NULL,'2010-06-11 16:32:16'),
('83',NULL,'1987-06-11','83',NULL,'2005-04-04 03:26:59'),
('84',NULL,'1970-01-03','84',NULL,'1978-11-09 22:38:05'),
('85',NULL,'1971-03-17','85',NULL,'2011-07-11 13:36:39'),
('86',NULL,'1972-07-31','86',NULL,'1995-04-21 23:01:14'),
('87',NULL,'2004-01-16','87',NULL,'1978-04-28 17:55:52'),
('88',NULL,'2004-06-14','88',NULL,'2004-06-09 18:50:29'),
('89',NULL,'1991-12-14','89',NULL,'1995-07-14 15:37:12'),
('90',NULL,'1987-01-25','90',NULL,'1994-03-29 03:24:20'),
('91',NULL,'1977-04-30','91',NULL,'2009-01-16 12:17:19'),
('92',NULL,'2011-03-15','92',NULL,'2000-05-03 06:46:37'),
('93',NULL,'1993-10-25','93',NULL,'2003-02-09 12:00:08'),
('94',NULL,'1976-08-27','94',NULL,'1996-12-09 16:31:40'),
('95',NULL,'1998-02-28','95',NULL,'2002-10-28 21:08:50'),
('96',NULL,'2010-03-06','96',NULL,'1987-04-23 05:07:33'),
('97',NULL,'2002-06-19','97',NULL,'2004-03-01 13:36:08'),
('98',NULL,'1984-01-02','98',NULL,'1978-10-25 16:23:12'),
('99',NULL,'1983-01-31','99',NULL,'1994-12-31 19:36:24'),
('100',NULL,'1990-12-31','100',NULL,'1977-06-29 02:32:00'); 


DROP TABLE IF EXISTS `users`;
CREATE TABLE `users` (
  `id` bigint(20) unsigned NOT NULL AUTO_INCREMENT,
  `firstname` varchar(100) COLLATE utf8_unicode_ci DEFAULT NULL,
  `lastname` varchar(100) COLLATE utf8_unicode_ci DEFAULT NULL,
  `email` varchar(100) COLLATE utf8_unicode_ci DEFAULT NULL,
  `password_hash` varchar(100) COLLATE utf8_unicode_ci DEFAULT NULL,
  `phone` varchar(12) COLLATE utf8_unicode_ci DEFAULT NULL,
  PRIMARY KEY (`id`),
  UNIQUE KEY `email` (`email`),
  KEY `users_phone_idx` (`phone`),
  KEY `firstname` (`firstname`,`lastname`)
) ENGINE=InnoDB AUTO_INCREMENT=101 DEFAULT CHARSET=utf8 COLLATE=utf8_unicode_ci;

INSERT INTO `users` VALUES ('1','Alejandrin','Kuhn','pmorissette@example.com','a13a52128d0b7ce021bf9b1edea9ba099e5c33be','02360354566'),
('2','Brenda','Corwin','ruecker.holden@example.org','5d83d8bc2cc55fafdb707317d1ea406d01431b99','07254442502'),
('3','Napoleon','Heathcote','krajcik.cooper@example.net','ab37844d2aa6c3faa32346413eeba9b6b3e35aff','933.791.4560'),
('4','Herminia','Hand','simonis.kaya@example.org','77ec6af0807c7448eca60728fb9609cb9c1c35ca','740.230.2691'),
('5','Karl','Abbott','hortense28@example.com','f27084bc81a9e82a9716425e31e26b44900e3721','813-221-1217'),
('6','Dewitt','Champlin','eldon.gerlach@example.com','938f73e5830a1a915b612c35e9273e640b3fe595','395.494.2410'),
('7','Ardith','Leuschke','knitzsche@example.com','c8be2b0920c299af2049380081f7f78d1d1ec77e','1-839-589-20'),
('8','Makenzie','Gutkowski','emilio31@example.org','18d65de552a881a6a34090a7336995977d331495','041.351.6603'),
('9','Don','Ritchie','qhills@example.com','ec2fafcacc68e3130bb244760c126f630d14a287','976.195.0458'),
('10','Virginia','Feeney','penelope.rempel@example.com','ca30b3f7c5ede0156ce880f407eae8f6b735502f','(875)029-186'),
('11','Nayeli','Kulas','nkulas@example.com','83f7a7bcd23a287c5510454ee1064706bf8e1c87','1-245-840-61'),
('12','Thurman','Bode','abelardo.kertzmann@example.org','38a81396708350741e02c49e9f2ab0ac9459af39','1-079-251-42'),
('13','Rosanna','Flatley','co\'keefe@example.net','9b4af9975f5e5d61cfbbe3b561b897ea91a5631c','(818)468-401'),
('14','Destini','Bayer','schaden.caroline@example.com','2788c7ac0e0cb8663b30de6eb6d6c57a2dec4473','1-008-468-99'),
('15','Ella','Rogahn','hheller@example.org','70e1154c8060e1a2758cfc8e29bf5dad4c0c725f','(120)092-245'),
('16','Caterina','Veum','effertz.ramon@example.net','8362074b32110736836c40be44e930ea62261c39','+95(4)887089'),
('17','Dahlia','Volkman','jacklyn56@example.net','9adefb498f5281d1c247b0e483b596a73624df21','07590100487'),
('18','Jessica','Grant','zella.metz@example.com','773a1528d2a822bcce00db8e5b75951c34e5a880','1-847-959-61'),
('19','Alf','Friesen','swaniawski.larissa@example.org','2881e2edae32cc36da257c1c4fe3f29c4ee7753c','+49(3)683523'),
('20','Bailee','VonRueden','qmarks@example.org','23f05686eb287c5a103abb402cc08b7a58051b40','+13(0)094230'),
('21','Howell','Wisoky','flo.kassulke@example.net','375997349159b4fcb9dd4f384101d9abc879ea82','+73(3)959699'),
('22','Eula','Kuhn','astanton@example.net','5b48b6dc8e772caca4472abb29da3f567b882093','(127)981-361'),
('23','Tanya','Abbott','kovacek.annamarie@example.org','71d2b5d299b67526b107bdf61bd43c7866812fda','1-442-552-83'),
('24','Thea','Monahan','mraz.ena@example.org','841a4d8ba092ce81ac095ae1fb1989d308835664','+23(6)317481'),
('25','Myra','Marquardt','gkoch@example.org','b13f462e78574928539c38287ce8301c53b27078','161.293.8641'),
('26','Amiya','Lebsack','kvandervort@example.com','1f8a00b57525dd68729e2f662fe049020d2e548a','051.317.6646'),
('27','Elna','Stark','will.gabriel@example.net','8a7bd99ad55a4ad629039f029df73e28dec6c6df','160-442-4004'),
('28','Sonya','Abbott','taltenwerth@example.com','facbd411e3a713b2d3188f23b2c3830f798c6d19','03668290255'),
('29','Eve','Pollich','shawn95@example.net','3a1467c7c91e8d3afe0e04bd78a6ceb03b3cad45','950-657-0190'),
('30','Janet','Blanda','moen.suzanne@example.net','b1f1ecbf2594fb0c151399c8ccb46c221b562e5b','501.519.8459'),
('31','Loyce','Schoen','kautzer.kyle@example.net','5d5f57fdd4ac3c05299d6ba11198ac9a35959b5d','510.343.7953'),
('32','Kale','Eichmann','allan67@example.net','26bfd351a7a82e6b2048d77091a5cba15f62dfbb','(121)273-359'),
('33','Francis','Corkery','konopelski.jamel@example.com','6ae4036b4ed9ea19e283f60bc008968d4a4cd68f','(581)329-307'),
('34','Judah','Stoltenberg','alexander75@example.com','fedc395d2158bbee346ede50e141c724abd06c70','(594)917-372'),
('35','Adolfo','Cremin','charley.dach@example.com','e71d4c44ee3182ea3b200562332845f77213db28','(818)376-218'),
('36','Wilson','Rau','murphy.alexie@example.net','31f2774e4cc5f5558545ee22711da3da270c510e','214-698-3757'),
('37','Natasha','Botsford','kavon49@example.com','f2479fe49cce5321ed713d6c533a2925a81574e4','1-476-981-66'),
('38','Jess','O\'Conner','runolfsdottir.lonzo@example.com','bb209655f56de3183016cde54fc6498dac650590','(315)551-283'),
('39','Amos','Jerde','rossie95@example.org','ed0abbc6fc499fee17d0cb034a38839ec7468ccc','05721847732'),
('40','Candace','Williamson','smurphy@example.com','7c6dc0be4269afce77b7b00f7664110a99834b05','389-829-7231'),
('41','Rigoberto','Mann','hauck.domenick@example.net','f3a882a238dad09564592a64dee559ed8cb5f5a8','1-524-546-50'),
('42','Nathaniel','Smitham','danial82@example.org','3c067f940567a30ecbef25b8daa96a668f4f1a42','(426)923-600'),
('43','Eldred','Swaniawski','kemmer.wilbert@example.org','30d7e665dceb0e5f3ac7a09aaef32331c76ca73f','(453)537-631'),
('44','Kadin','Cartwright','aking@example.net','a9683b375da1d2e1e2a17c98e6ad5bee84143d74','1-258-199-09'),
('45','Noemy','Bradtke','sawayn.sincere@example.org','20effec34c21fa24914b5bae8a8cd149c00667ae','09978592167'),
('46','Lottie','Balistreri','weber.junior@example.com','9b1fa0594a85fddec689bade106e16b42c6cff7b','1-560-633-31'),
('47','Kira','Terry','lauryn28@example.net','819e3fa180da5f3ff56edee4d8150d00695f5e1f','1-565-548-68'),
('48','Dereck','Franecki','beer.duane@example.org','ec8150ffc9562157473f669ebe7e259fa21eeb6b','945.150.6090'),
('49','Leora','Gibson','schoen.timmothy@example.org','2cee66e1da68fe44312b5361fb7bd225b0b521c0','1-720-310-03'),
('50','Deion','Heidenreich','patsy.langosh@example.net','b2e027cbed7ffe0194ffcc2c9330e6bbce050eff','185-556-9564'),
('51','Sarai','Stracke','alessandra46@example.net','dfc0cec474b78821c11fbb7d1513fcee2d0a3d94','577-292-3211'),
('52','Orlo','Gutmann','seamus.larkin@example.org','5ba7e58fcd777a056476e0dfcbb35c747fd8dee3','1-730-218-07'),
('53','Jamie','Koepp','arnold90@example.net','61b31a2a98553943d50305a601676f954130e67a','(771)006-110'),
('54','Mekhi','Fisher','bhessel@example.com','6f7cf9177c367546bb4e75497297bb3d347690db','571-421-4341'),
('55','Chaim','Nicolas','bogan.patience@example.net','dce22f7fdd9be27acf390c67e2a76cafea3a5c1e','513-457-9561'),
('56','Ricardo','Rolfson','lkertzmann@example.net','a3570f9a7b2ff0b31f3fc0c8292074ffca866d42','06562800518'),
('57','Weston','Watsica','rhettinger@example.org','5d8fc5550693657daae893b223fffeff7a48d36e','(238)210-652'),
('58','Viva','Gutkowski','yvette18@example.net','797e362f2988c3ba70209f56542b45cf67031b42','1-054-500-27'),
('59','Kendra','Mitchell','antonetta.ritchie@example.com','e03a0992b0b09eb49559d9d7ccf95c5ab3161b8e','+73(4)990043'),
('60','Corine','Stokes','o\'keefe.dillon@example.org','eb2e51a95090542a844b4b37c97e3f1131b40365','169.674.8617'),
('61','Tara','Shanahan','marks.kristina@example.com','59b113caf31513f5ab7ea4ae2355f7752a7ffbe9','672-806-7593'),
('62','Jaclyn','Lehner','zreichert@example.org','b3a150cc2be589f55665285d1ff977a1bfa3a8d3','503.043.4439'),
('63','Tanya','Murray','herman.adaline@example.net','8868708dc5d6aef592430bfd943fdde58acf8818','(262)560-709'),
('64','Hertha','Collins','shane.rau@example.com','7ec96184a8b41607a8215fb49f7b9d5d95b74e68','(152)055-507'),
('65','Clara','Heathcote','friesen.violet@example.net','e1762a109f04410574ebfac007fcf87c012c757d','198.219.2234'),
('66','Maximillia','Boehm','hobart.jenkins@example.org','8557f9eee84457b0481a3bc62064affe1b0e5b50','+67(9)654003'),
('67','Carolina','Kutch','rosendo13@example.org','07837cd5066726c859f34fe50654a885aec19aef','864-702-0970'),
('68','Chloe','Ankunding','ibailey@example.org','871a06a9f1486209a15b30cd5cd4613852cfef08','(798)769-185'),
('69','Jasmin','Abshire','vonrueden.rashad@example.net','b673594a55f0d95c80597ec672fa5f4595b27fa6','1-524-591-03'),
('70','Kevin','Kutch','alysa68@example.org','bcb1d17dfbf1297737465eac51a0ee3e87f80327','(383)920-773'),
('71','Elizabeth','Heaney','abigail.prosacco@example.net','30810455bd9b8b0f593ad780a781a6eb50bebe6a','586.728.8905'),
('72','Denis','Rice','uwest@example.com','5c85ad840d9203653e1fea8e61bc416b155d2a9f','478.105.2071'),
('73','Oran','Klocko','ewatsica@example.net','0cc0e0d4b7e021e12e87d83a76d719cb626adf9c','1-245-942-12'),
('74','Emmett','Jacobson','ihegmann@example.net','74738a0ee76b1e72b77c498104175c8b33352c7d','196-101-8855'),
('75','Edwardo','Kunde','nblock@example.net','b461d8bb6898ee93bc59fe6bdde6b3e80efdb754','595.930.3623'),
('76','Elmo','Hilll','jones.roman@example.net','3840c43695d09eebbab0632b6be9f422214931bd','058.497.3721'),
('77','Glenda','Pagac','lizzie.mcdermott@example.net','1c9ed638d61027a30776814d4dc6690138a81063','(399)571-594'),
('78','Liliane','Grimes','alysson.schulist@example.net','5d565cb60f265d358a0c6bce781a3d6fa0cbe314','900-679-8212'),
('79','Jennie','Crist','guiseppe.feil@example.org','f446a2212dae9ec7f09ab22ecbe14331c0b10a58','(001)585-210'),
('80','Reanna','Cassin','weissnat.nathaniel@example.com','65efd2449514090fbdf44011a49fcea932ab28a3','970-901-1196'),
('81','Barney','Goldner','chanelle26@example.com','708c573c08d3fee02839d5556582b880632734cd','(497)803-738'),
('82','Ignacio','Lesch','elvera.oberbrunner@example.org','77f07f0ddb5c7da453063c363e6912838653f55a','(867)945-189'),
('83','Tabitha','Rau','turner.senger@example.net','836fcba87a3c50c3339f5246ceee69b94d12b6ee','1-631-761-17'),
('84','Mariane','Cartwright','pinkie.dach@example.net','aecba0214030a450c48e5d63912e8c878a2105c1','1-489-427-10'),
('85','Elias','Schulist','torp.noemi@example.com','0ec6fe106bd274d0d40dd32fa7f2c85766c07057','172.102.8645'),
('86','Pat','Boyer','sigmund.kerluke@example.net','282dabf10f9e336f78833950be4e081958cc3dde','+26(0)590558'),
('87','Madeline','Nikolaus','cormier.cristobal@example.com','70de52041aa8b8c156d0820aeb873adeaf6e30f4','(972)552-565'),
('88','Raina','Robel','qmurray@example.net','2df161aa69e30d5b105fecbf62caa2ccc997c896','(708)387-216'),
('89','Deron','Bernhard','elinor54@example.org','3011f02a2c7cf7394d7d5bdfc80258fc0427fea6','060-167-4316'),
('90','Chet','Kautzer','clyde31@example.org','038e517d2658c7fe22cdadb849cbfc2296e18e3c','1-546-128-89'),
('91','Francesca','Bosco','zerdman@example.com','5da4cdf76187fe84f223741eceba4dc02baa0bf5','987-330-3900'),
('92','Halie','Walter','ila.zboncak@example.com','76430bec2eec9965a626d83c1737d6010f5a0ea2','08552650648'),
('93','Guy','Walker','ima.gerhold@example.org','127c382729847eae76a4c8719437d3d67afe96dd','(085)016-531'),
('94','Sammie','Nitzsche','nadams@example.net','1c20ff91aff57edaabfbd447cbb80ff5dee969c4','704-938-6514'),
('95','Benton','Rogahn','alana92@example.com','9a0348cb775741404a53faf8b601f63fd81434a6','(349)261-674'),
('96','Buck','Hudson','brain04@example.com','2d40f741bf02c19a5c31205a85e89c9b4fdd8964','051.669.8872'),
('97','Crystel','Gleichner','dibbert.cole@example.org','e7ed0776d090c591de033fc9df4ebcdd921426a1','185-031-6520'),
('98','Eveline','Schoen','carmella24@example.net','ccd5c8bb8ecdbc44ea7bd903d44cff37a582bfb9','1-377-444-03'),
('99','Fabian','Mohr','olson.forest@example.net','538c48267afdd5cac85e1be4c8bbab24bfb42bef','00492131837'),
('100','Keon','Zboncak','andreane.pacocha@example.com','006325b3adb43ddab4b19b59849678bfcf49b37b','1-308-258-38'); 


DROP TABLE IF EXISTS `users_communities`;
CREATE TABLE `users_communities` (
  `user_id` bigint(20) unsigned NOT NULL,
  `community_id` bigint(20) unsigned NOT NULL,
  PRIMARY KEY (`user_id`,`community_id`),
  KEY `community_id` (`community_id`),
  CONSTRAINT `users_communities_ibfk_1` FOREIGN KEY (`user_id`) REFERENCES `users` (`id`),
  CONSTRAINT `users_communities_ibfk_2` FOREIGN KEY (`community_id`) REFERENCES `communities` (`id`)
) ENGINE=InnoDB DEFAULT CHARSET=utf8 COLLATE=utf8_unicode_ci;

INSERT INTO `users_communities` VALUES ('1','1'),
('2','2'),
('3','3'),
('4','4'),
('5','5'),
('6','6'),
('7','7'),
('8','8'),
('9','9'),
('10','10'),
('11','11'),
('12','12'),
('13','13'),
('14','14'),
('15','15'),
('16','16'),
('17','17'),
('18','18'),
('19','19'),
('20','20'),
('21','21'),
('22','22'),
('23','23'),
('24','24'),
('25','25'),
('26','26'),
('27','27'),
('28','28'),
('29','29'),
('30','30'),
('31','31'),
('32','32'),
('33','33'),
('34','34'),
('35','35'),
('36','36'),
('37','37'),
('38','38'),
('39','39'),
('40','40'),
('41','41'),
('42','42'),
('43','43'),
('44','44'),
('45','45'),
('46','46'),
('47','47'),
('48','48'),
('49','49'),
('50','50'),
('51','51'),
('52','52'),
('53','53'),
('54','54'),
('55','55'),
('56','56'),
('57','57'),
('58','58'),
('59','59'),
('60','60'),
('61','61'),
('62','62'),
('63','63'),
('64','64'),
('65','65'),
('66','66'),
('67','67'),
('68','68'),
('69','69'),
('70','70'),
('71','71'),
('72','72'),
('73','73'),
('74','74'),
('75','75'),
('76','76'),
('77','77'),
('78','78'),
('79','79'),
('80','80'),
('81','81'),
('82','82'),
('83','83'),
('84','84'),
('85','85'),
('86','86'),
('87','87'),
('88','88'),
('89','89'),
('90','90'),
('91','91'),
('92','92'),
('93','93'),
('94','94'),
('95','95'),
('96','96'),
('97','97'),
('98','98'),
('99','99'),
('100','100'); 




/*!40101 SET SQL_MODE=@OLD_SQL_MODE */;
/*!40014 SET FOREIGN_KEY_CHECKS=@OLD_FOREIGN_KEY_CHECKS */;
/*!40014 SET UNIQUE_CHECKS=@OLD_UNIQUE_CHECKS */;
/*!40101 SET CHARACTER_SET_CLIENT=@OLD_CHARACTER_SET_CLIENT */;
/*!40101 SET CHARACTER_SET_RESULTS=@OLD_CHARACTER_SET_RESULTS */;
/*!40101 SET COLLATION_CONNECTION=@OLD_COLLATION_CONNECTION */;
/*!40111 SET SQL_NOTES=@OLD_SQL_NOTES */;

